Spring 2021,GEOL,1130,Physical Geology Lab,Hauptvogel,Daniel William,9,3,0,0,0,7,0,47
Spring 2021,TLIM,3363,Technical Communications,Piercy,Penelope Junker,11,19,5,0,0,5,1,28
Spring 2021,WCL,4351,Frames of Modernity I,Carrera,Alessandro,9,5,0,0,0,0,2,64
Spring 2021,BIOE,8699,Doctoral Dissertation,Larin,Kirill,0,0,0,0,0,3,0,0
Spring 2021,KIN,1352,"Foundations of KIN, HLT, FIT",Gray,Jon Phillip,37,4,1,0,0,5,0,79
Spring 2021,DAN,4110,Dance Ensemble,Beasant III III,John J,5,0,0,0,0,0,0,100
Spring 2021,BIOL,1144,Hum Anat Physiol Lab II,Gill,Tejendra,10,7,0,0,0,6,1,43
Spring 2021,BIOL,1144,Hum Anat Physiol Lab II,Gill,Tejendra,7,8,1,0,0,7,0,30
Spring 2021,FINA,4320,Investment Management,Gargano,Antonio,15,15,0,0,0,7,1,41
Spring 2021,CIS,4375,Project Management & Practice,Martinez,Jose C,2,16,3,0,0,6,0,7
Spring 2021,OPTO,5315,Optics II,Porter,Jason,18,30,0,5,0,41,0,19
Spring 2021,HLT,2320,Introduction to Public Health,Solari Williams,Kayce D.,103,30,4,0,0,9,1,71
Spring 2021,LAW,5421,Business Organizations,Nelson,James D,19,17,0,0,0,0,0,53
Spring 2021,CUIN,7316,Design Online Educ Resources,Jones,Chad M,19,0,0,0,0,0,0,100
Spring 2021,CNST,6307,Stati and Optimiz Method in CM,Senouci,Ahmed,6,0,0,0,0,0,1,100
Spring 2021,TLIM,4341,Production & Service Operation,Lattier,Gregory Jeff,17,10,0,0,0,4,5,55
Spring 2021,HRMA,1301,Hospitality Technology,Gunden,Nefike,29,9,1,0,0,8,1,62
Spring 2021,SOC,6375,Seminar in Sociology of Law,Baumle,Amanda K,10,0,0,0,0,0,0,100
Spring 2021,FINA,4350,Derivatives I: Options,Rabinovitch,Ramon,15,12,0,0,0,15,2,36
Spring 2021,ELET,4304,Control Systems,Barbieri,Enrique,2,4,2,0,0,5,1,15
Spring 2021,PHAR,4275,FIMMRA,Sofjan,Amelia Kartikasari,11,19,4,1,0,0,0,31
Spring 2021,CNST,4315,Steel Construction,Chang,Chi Chung,10,17,1,0,0,4,0,31
Spring 2021,ARCH,3501,Architecture Design Studio VI,Oliver,Christopher A,3,10,1,0,0,0,0,21
Spring 2021,CHEM,1111,Fundamentals of Chm Lab,Zaitsev,Vladimir G,6,7,0,0,0,2,0,40
Spring 2021,KIN,1304,Public Hlt Issues in Phys/Obes,Graham,Marilynn Hadassah,67,10,2,0,0,7,2,78
Spring 2021,LAW,5397,Selected Topics,Kwok,David Y,12,16,0,0,0,7,0,34
Spring 2021,COMM,3368,Principles of Public Relations,Ashley,Laura B,17,4,0,0,0,4,1,68
Spring 2021,HDFS,1300,Dev of Contemporary Families,Jordan,Erica F,25,16,2,0,0,3,0,54
Spring 2021,PHYS,3316,Quantum Mechanics,Miller,John H,8,3,0,0,0,2,2,62
Spring 2021,PHAR,5169,Module Related Skills Lab IV,Surati,Dhara Divyang,35,5,0,0,0,0,0,88
Spring 2021,PSYC,1300,Intro To Psychology,Capuozzo,Kristen Irene,18,5,0,0,0,2,0,72
Spring 2021,MUSI,1170,Aural Skills I,Koozin,Timothy,6,5,3,0,0,5,1,32
Spring 2021,COSC,4353,Software Design,Subramaniam,Venkat,6,1,3,0,0,5,1,40
Spring 2021,MAS,2340,Intro Mexican American Studies,Rodriguez,Andre,30,4,0,0,0,1,0,86
Spring 2021,PSYC,7393,Field Practicum in Psychology,Vincent,John P,0,0,0,0,0,31,0,0
Spring 2021,MUSA,6300,Applied Voice,Sonnenberg,Melanie,5,0,0,0,0,0,0,100
Spring 2021,CHEM,1111,Fundamentals of Chm Lab,Zaitsev,Vladimir G,5,3,0,0,0,6,1,36
Spring 2021,MUSA,1344,Applied Trombone,Kauk,Brian Keith,5,0,0,0,0,0,0,100
Spring 2021,CIVE,8398,Doctoral Research,Glennie,Craig Len,0,0,0,0,0,3,0,0
Spring 2021,MATH,6359,Appl. Stat. & Mult. Analysis,Poliak,Cathy Dawn,21,3,0,0,0,1,1,84
Spring 2021,ART,6397,Sel Topics/Studio Arts,Hillerbrand,Stephan C,4,0,0,0,0,0,0,100
Spring 2021,ENGL,1304,First Year Writing II,Singleton,Giovanni,3,7,1,0,0,6,0,18
Spring 2021,ENGL,1304,First Year Writing II,Dykes,Justin,5,4,1,0,0,7,1,29
Spring 2021,RELS,3342,"Religion, Politics, & History",Pegoda,Andrew Joseph,4,4,0,0,0,1,0,44
Spring 2021,MATH,3325,Transition to Advanced Math,Ott,William R,20,9,1,0,0,11,2,49
Spring 2021,ARCH,6398,Special Problems,Race,Bruce Alan,0,0,0,0,0,0,0,
Spring 2021,THEA,1331,Introduction To Theatre,Egging,Jon Leo,20,9,1,0,0,15,4,44
Spring 2021,HLT,4302,Hlt Aspect Human Sexuality,Drenner,Kelli Linn,51,19,1,0,0,24,1,54
Spring 2021,RELS,2311,Bible and Western Culture II,Eberhart,Christian,13,2,1,0,0,0,2,81
Spring 2021,MUED,4340,Elem/Middle Schl Inst. Admin.,Meals,Cory Dewitt,10,3,0,0,0,0,0,77
Spring 2021,GEOL,8698,Doctoral Research,Castagna,John P,0,0,0,0,0,2,0,0
Spring 2021,ECE,6384,MEMS and Nano Devices,Shih,Wei-Chuan,3,0,0,0,0,0,0,100
Spring 2021,MECT,3118,Fluid Mechanic Application Lab,Singh,Navdeep,11,5,0,0,0,5,1,52
Spring 2021,TLIM,4372,Proposal and Project Writing,Barnwell,Tracy,5,4,0,0,0,0,2,56
Spring 2021,PETR,8598,Doctoral Research,Lee,Kyung Jae,0,0,0,0,0,1,0,0
Spring 2021,CNST,3265,Construction Layout & Site Dvp,Moghaddam,Hassan,7,8,1,0,0,3,0,37
Spring 2021,ART,3337,Junior Graphic Design Major,Kim,Yoonkyung,2,4,0,0,0,1,0,29
Spring 2021,MECE,3360,Experimental Methods,Chen,Xuemei,36,27,3,0,0,42,1,33
Spring 2021,PSYC,8399,Doctoral Dissertation,Hoff,Kevin,0,0,0,0,0,2,0,0
Spring 2021,PHLS,8399,Doctoral Dissertation,Margulis,Milena A,1,0,0,0,0,4,0,20
Spring 2021,BIOE,8398,Doctoral Research,Shevkoplyas,Sergey,0,0,0,0,0,2,0,0
Spring 2021,ENGL,1304,First Year Writing II,Alcorn,Charles William,13,1,0,0,0,0,2,93
Spring 2021,ART,3336,Junior Graphic Design Major,McGettigan,Fiona,4,2,0,0,0,1,0,57
Spring 2021,HRMA,8188,Ph.D. Colloquium,Back,KiJoon,0,0,0,0,0,4,0,0
Spring 2021,CHEE,8498,Doctoral Research,Palmer,Jeremy,0,0,0,0,0,4,0,0
Spring 2021,MATH,8398,Doctoral Research,Josic,Kresimir,0,0,0,0,0,2,0,0
Spring 2021,PEP,7398,Adv Special Problem Human Perf,Parikh,Pranav J,0,0,0,0,0,1,0,0
Spring 2021,CHEM,3221,Fund of Organic Chem. Lab I,Bean,Mary B,8,9,1,0,0,1,1,42
Spring 2021,FINA,8396,Research Practicum,Susmel,Raul,1,0,0,0,0,0,0,100
Spring 2021,MANA,4397,Selected Topics in Mana,Rootes,James,3,4,0,0,0,2,0,33
Spring 2021,CUIN,4325,Teach Science in Grades 4-8 I,Wong,Sissy S,12,1,0,0,0,0,0,92
Spring 2021,ECE,4398,Independent Study,Kouri,Donald J,1,0,0,0,0,0,0,100
Spring 2021,THEA,4367,Costume Cutting & Draping,Niederer,Barbara,1,0,0,0,0,0,0,100
Spring 2021,ELCS,6393,Practicum,Davis,Tiffany J,5,0,0,0,0,0,0,100
Spring 2021,ARCH,3397,Selected Topics,Noldt,Peter,15,2,0,0,0,1,1,83
Spring 2021,CNST,4335,Capital Projects Development,Bolander,Larry A,8,10,0,0,0,8,0,31
Spring 2021,PHAR,5674,Nutritional Support,Truong,Mabel,0,0,1,0,0,0,0,0
Spring 2021,COSC,6384,Real-Time Systems,Cheng,Albert M K,1,1,0,0,0,1,0,33
Spring 2021,ART,4392,Sel Top in Contemporary Art,Kittelson,Paul A,8,4,0,0,0,2,0,57
Spring 2021,MUSA,8320,Doctoral Applied Music,Evans,Joseph,2,0,0,0,0,0,0,100
Spring 2021,OPTO,5198,Spec Prob Phys Optics,Piccolo,Marcus G,0,0,0,0,0,7,0,0
Spring 2021,SOCW,8995,Pre-Dissertation Research,Pritzker,Suzanne,0,0,0,0,0,1,0,0
Spring 2021,ECE,8399,Doctoral Dissertation,Contreras-Vidal,Jose Luis,1,0,0,0,0,3,0,25
Spring 2021,THEA,2382,Stage Management I,Bush,Rachel R,5,2,0,0,0,1,0,63
Spring 2021,ECON,8399,Doctoral Dissertation,Maheshri,Vikram,1,0,0,0,0,0,0,100
Spring 2021,CHEE,8298,Doctoral Research,Varadarajan,Navin,0,0,0,0,0,5,0,0
Spring 2021,GEOL,7399,Masters Thesis,Wellner,Julia S,1,0,0,0,0,0,0,100
Spring 2021,POLS,8999,Doctoral Dissertation,Marcinek,Elizabeth Nicole Simas,0,0,0,0,0,2,0,0
Spring 2021,PHLS,8320,Statistical Survival Analysis,Kim,Han Joe,3,0,0,0,0,0,0,100
Spring 2021,PETR,8298,Doctoral Research,Hatzignatiou,Dimitrios Georgios,0,0,0,0,0,3,0,0
Spring 2021,BCHS,6598,Special Problems,Liu,Yu,0,0,0,0,0,1,0,0
Spring 2021,BIOL,4398,Independent Study,Alward,Beau Andrew,1,0,0,0,0,0,0,100
Spring 2021,MUSA,8320,Doctoral Applied Music,Krager,Franz A,2,0,0,0,0,0,0,100
Spring 2021,CIVE,6198,Research,Lee,Hyongki,0,0,0,0,0,2,0,0
Spring 2021,ECE,6398,Research,Shih,Wei-Chuan,0,0,0,0,0,2,0,0
Spring 2021,PHLS,8199,Dissertation,Mire,Sarah Stanford,0,0,0,0,0,1,0,0
Spring 2021,PSYC,6398,Independent Studies,Ng,Vincent,0,0,0,0,0,3,0,0
Spring 2021,CIVE,8598,Doctoral Research,Glennie,Craig Len,0,0,0,0,0,1,0,0
Spring 2021,MUSI,8296,Doctoral Essay,Snyder,John L,1,0,0,0,0,0,0,100
Spring 2021,ACCT,8999,Doctoral Dissertation,Larson,Chad R,0,0,0,0,0,1,0,0
Spring 2021,SPAN,8399,Dissertation,Rivera Garza,Cristina,2,0,0,0,0,0,0,100
Spring 2021,MUSA,6400,Applied Voice,Clayton Vasquez,Cynthia L,2,0,0,0,0,0,0,100
Spring 2021,PHAR,5695,Geriatrics,Tolleson,Shane Russell,1,0,0,0,0,0,0,100
Spring 2021,ECE,8498,Doctoral Research,Shih,Wei-Chuan,0,0,0,0,0,1,0,0
Spring 2021,COMD,8391,COMD Research,Joshi,Ashwini,0,0,0,0,0,1,0,0
Spring 2021,BIOE,8699,Doctoral Dissertation,Abidian,Mohammad Reza,0,0,0,0,0,0,0,
Spring 2021,PCOL,6398,Special Problems,McConnell,Bradley K,0,0,0,0,0,1,0,0
Spring 2021,PSYC,7399,Masters Thesis,Leasure,Jennifer Leigh,0,0,0,0,0,1,0,0
Spring 2021,PCOL,7350,Cellular Pharmacology I,Ruan,Ke-He,1,0,0,0,0,0,0,100
Spring 2021,THEA,2380,Voice for the Actor II,Ward,Rebecca Rose,8,1,0,0,0,2,0,73
Spring 2021,ECE,8598,Doctoral Research,Han,Zhu,0,0,0,0,0,4,0,0
Spring 2021,CIVE,6375,Analysis/Desgn Offshore Struct,Vazquez,Jose H,17,0,0,0,0,0,0,100
Spring 2021,CHEM,1112,Fundamentals of Chm Lab,Zaitsev,Vladimir G,5,6,1,0,0,4,1,31
Spring 2021,MECT,3368,Economic Analysis,Wari,Ezra Tsegaye,5,16,3,0,0,16,1,13
Spring 2021,MUSA,2334,Applied Clarinet,Griffin,Randall S,1,0,0,0,0,0,0,100
Spring 2021,CIS,4338,Database Admin & Implementatn,Miertschin,Susan L,10,8,5,0,0,5,0,36
Spring 2021,BIOL,3324,Human Physiology,Dryer,Stuart E,20,6,2,0,0,19,1,43
Spring 2021,ENGL,1303,First Year Writing I,Cedilnik,Laurie Ann,11,0,0,0,0,0,2,100
Spring 2021,PSYC,6365,Dir Rsch in Dev Cog Beh Neuro,Hernandez,Arturo E,3,0,0,0,0,0,0,100
Spring 2021,BTEC,1322,Introduction to Biotechnology,Iken,Brian N,7,6,4,0,0,12,2,24
Spring 2021,HON,2101,The Human Situation:Modernity,Cremins,Robert Paul,9,5,0,0,0,2,0,56
Spring 2021,BIOL,1320,General Biology 2,Farmer,Lisa M,38,27,4,0,2,50,5,31
Spring 2021,THEA,1111,Production,Kearns,Casey,3,0,0,0,0,7,3,30
Spring 2021,POLS,3310,Intro to Political Theory,Kitch,Sarah Beth V.,26,9,0,0,0,4,1,67
Spring 2021,PHAR,5368,Integrated Psychiatric Module,De La Cruz,Austin Isaac,21,10,3,0,0,0,0,62
Spring 2021,SCLT,3384,Logistics Tech and Processes,Hollis,Thomas Edward,44,3,0,0,0,2,0,90
Spring 2021,ENGL,8398,Graduate English Resrch,Gonzalez,Maria C,0,0,0,0,0,1,0,0
Spring 2021,PHYS,1122,University Phys Laboratory II,Wood,Lowell T,3,11,4,0,0,4,0,14
Spring 2021,COMM,1333,Interpersonal Comm,Hudson-Gillan,Gail,30,4,1,0,0,1,0,83
Spring 2021,BIOL,7124,Cell Biology Seminar,Feng,Qin,0,0,0,0,0,22,0,0
Spring 2021,IDNS,3131,Organic Chem I SEP Workshop,Pattison,Donna,7,4,1,0,0,17,5,24
Spring 2021,HIST,3389,China Since 1600,Cong,Xiaoping,5,3,0,0,0,1,2,56
Spring 2021,ECE,6111,Graduate Seminar,Roysam,Badrinath,0,0,0,0,0,3,0,0
Spring 2021,BIOL,6384,Developmental Biology,Sater,Amy,5,0,0,0,0,0,0,100
Spring 2021,ELET,3425,Embedded Systems,Gallardo,Victor Jaime,10,14,2,0,0,11,0,27
Spring 2021,ART,1310,Fundamentls-Printmaking,Christlieb,Lauren Nicole,11,2,0,0,0,2,1,73
Spring 2021,MATH,6397,Selected Topics in Math,Zimmerman,Oren Verdayne,22,0,0,0,0,0,0,100
Spring 2021,HRMA,4360,Hospitality Internship,Mills,Ashley D.,14,5,0,0,0,3,0,64
Spring 2021,MATH,5350,Intro To Differential Geometry,Ru,Min,6,1,0,0,0,2,0,67
Spring 2021,ARCH,4355,Houston Architecture,Fox,Stephen,11,0,0,0,0,0,1,100
Spring 2021,ENGL,7322,Advncd Poetry Workshop,Prufer,Kevin D,5,0,0,0,0,0,0,100
Spring 2021,ART,1304,Fundamntls-Painting,Delaney,John S,17,1,0,0,0,0,0,94
Spring 2021,COSC,6398,Special Problems,Subhlok,Jaspal,0,0,0,0,0,1,0,0
Spring 2021,MUSI,8106,Doctoral Large Ensemble,Krager,Franz A,7,0,0,0,0,0,0,100
Spring 2021,MIS,7397,Selected Topics in MIS,Campbell,Phillip James,3,0,0,0,0,1,0,75
Spring 2021,MUED,2342,Music for Children,Langley,Anna C,8,2,0,0,0,4,1,57
Spring 2021,PHAR,5259,Module Related Skills Lab II,Davis,Shantera Rayford,38,4,0,0,0,0,0,90
Spring 2021,MARK,3337,Professional Selling,McAndrews,Craig D,169,38,1,0,0,27,3,72
Spring 2021,SPAN,2301,Intermediate Spanish I,Patron Rivera,Mauricio,13,4,1,0,0,0,3,72
Spring 2021,FINA,7376,Energy Trading,Smith III,Edwin A,9,2,0,0,0,0,0,82
Spring 2021,CUIN,4315,Assessment of Children,Hernandez,Berky,25,2,1,0,0,2,0,83
Spring 2021,BCHS,3304,General Biochemistry I,Fox,Robert O,41,27,1,0,0,10,0,52
Spring 2021,PCEU,7181,Pharmaceutics Seminar,McConnell,Bradley K,0,0,0,0,0,7,0,0
Spring 2021,CIS,3343,Info Systems Analysis & Design,Faiyaz,Sajida,5,22,2,0,0,14,3,12
Spring 2021,WGSS,3321,Gender in Transnational Persp,Al-Sowayel,Dina,11,9,1,0,0,6,1,41
Spring 2021,SPAN,1501,Elementary Spanish I,Scamardo,Randal,8,2,0,0,0,3,2,62
Spring 2021,SPAN,1501,Elementary Spanish I,Morales Utria,Yordanis,4,2,0,0,0,4,1,40
Spring 2021,IDNS,1142,Chemistry II SEP Workshop,Pattison,Donna,22,3,2,0,0,7,1,65
Spring 2021,MUSI,4397,Selected Topics in Music,Marmolejo,Noe J,5,0,0,0,0,0,0,100
Spring 2021,PHAR,5327,Integrated Endocrine Module,Asias-Dinh,Bernadette De Leon,21,17,2,0,0,0,0,53
Spring 2021,ENTR,3312,Corporate Entrepreneurship,Lish,Alan D,47,28,1,0,0,23,0,47
Spring 2021,SPAN,3308,Written Com-Hisp Herit Learner,Hasbun,Rodrigo,6,4,0,0,0,4,0,43
Spring 2021,HON,2341,Classics of Modernity,Trninic,Marina,140,52,1,0,0,23,3,65
Spring 2021,SOCW,7318,Cognitive Behavioral Interven,Gracely,Jill Marie,15,0,0,0,0,0,0,100
Spring 2021,ENGL,1304,First Year Writing II,Long,Steven A.,7,7,0,0,0,2,0,44
Spring 2021,ECE,5380,Pwr Electrncs & Electrc Drives,Krishnamoorthy,Harish Sarma,8,4,1,0,0,3,0,50
Spring 2021,CIS,3368,Adv Info Systems Development,Velusamy,Gandhimathi,12,6,0,0,0,3,0,57
Spring 2021,HLT,1353,Personal Health,Rafique,Kiran Sajid,101,9,0,0,0,5,1,88
Spring 2021,THEA,2336,Lighting and Sound Technology,Saunders,Kristina Elizabeth,2,0,0,0,0,1,1,67
Spring 2021,SOCW,7325,Assessment in SW Practice,Parks,Steven Lee,26,1,0,0,0,2,0,90
Spring 2021,CUIN,8366,Acad Writing for Doctoral Cand,Gronseth,Susie L B,7,0,0,0,0,0,0,100
Spring 2021,PCOL,6298,Special Problems,Trivedi PhD,Meghana,0,0,0,0,0,1,0,0
Spring 2021,POLS,1337,"US Govt: Congress,Pres & Crts",Davis,Sharon M,5,12,16,1,2,0,4,14
Spring 2021,BIOL,1162,Intro To Biol Science Lab 2,Medrano,Ana I,19,2,0,0,0,1,1,86
Spring 2021,MUSA,4424,Applied Violoncello,Choi,Estelle,3,0,0,0,0,0,0,100
Spring 2021,POLS,1337,"US Govt: Congress,Pres & Crts",Littlepage,Kelley G,8,28,7,0,0,38,1,10
Spring 2021,HRD,6359,Trends in Org Development,Nery-Kjerfve,Tania,14,11,0,0,0,5,0,47
Spring 2021,FINA,7352,Energy Derivatives,Pirrong,Stephen Craig,6,8,0,0,0,0,0,43
Spring 2021,PHAR,5368,Integrated Psychiatric Module,Tejada-Simon,Maria Victoria,6,15,1,0,0,0,0,27
Spring 2021,MATH,4364,Intro to Numerical Analysis,Pan,Tsorng-Whay,44,20,3,0,0,25,1,48
Spring 2021,INDS,7301,Design Thesis II,Chow,George K,1,0,0,0,0,0,0,100
Spring 2021,EGRP,1170,Engineering Applications IX,Henderson,Jerrod A,0,0,0,0,0,13,0,0
Spring 2021,GEOL,1130,Physical Geology Lab,Sisson,Virginia B,5,1,0,0,0,1,0,71
Spring 2021,POLS,1336,US and Texas Const/Politics,McDonald,John Terrence George,12,25,4,0,0,35,4,16
Spring 2021,MECE,6397,Selected Topics,Yu,Cunjiang,6,4,0,0,0,2,0,50
Spring 2021,PHYS,1102,General Physics Laboratory II,Wood,Lowell T,5,10,2,0,0,6,0,22
Spring 2021,HDCS,1300,Human Ecosystems & Tech Change,Rifai,Rana Ihsan,38,6,2,0,0,7,2,72
Spring 2021,GEOL,6350,Advanced Structural Geology,Murphy,Michael,9,1,0,0,0,0,0,90
Spring 2021,SOCW,7191,Field Practicum Elective I,Parker,Jamie Lynne,0,0,0,0,0,2,0,0
Spring 2021,OPTO,7162,Vision Rehabilitative Lab,Modi,Swati,0,0,0,0,0,25,0,0
Spring 2021,SOCW,6307,Policy in the Soc Environment,Webb,Ann E,18,3,0,0,0,2,0,78
Spring 2021,BIOL,4340,Research Methods,Harlow,Laura Michelle,18,4,0,0,0,0,0,82
Spring 2021,HRMA,3327,Restaurant Layout and Design,Graves,Nancy,8,2,0,0,0,7,3,47
Spring 2021,HRMA,6365,Tourism and Travel,He,Zeya,14,4,0,0,0,1,1,74
Spring 2021,MATH,1312,Intro to Math Reasoning,Tucker,Charles T,4,8,3,0,0,13,7,14
Spring 2021,PHLS,6324,Addictions Counseling,Lukingbeal,Patrick Livingston,10,0,0,0,0,0,0,100
Spring 2021,INDS,3501,Industrial Design Studio VI,Wells,Adam C,2,6,0,0,0,2,0,20
Spring 2021,COMD,2376,Anatomy for Communication,Felix,Cecilia C,21,7,0,0,0,6,1,62
Spring 2021,PSYC,2344,Cultural Psychology,Leavitt,Jacob,22,16,5,0,0,28,2,31
Spring 2021,TECH,3365,Appl of Discrete Mthds in Tech,Larsen,Marilyn Annette,18,11,1,0,0,9,1,46
Spring 2021,MUSA,2310,Applied Piano,Morgulis,Tali,2,1,0,0,0,0,0,67
Spring 2021,HIST,3312,American Civil War in Film,Deyle,Steven H,12,13,0,0,0,2,0,44
Spring 2021,MIS,3371,Transaction Processing Sys I,Parks,Michael Sydney,45,37,1,0,0,83,3,27
Spring 2021,PHAR,5329,Integrated CV I Module,Sulaica,Elisabeth,16,4,2,0,0,0,0,73
Spring 2021,COSC,8698,Doctoral Research,Solorio Martinez,Thamar Ivette,0,0,0,0,0,3,0,0
Spring 2021,ACCT,8397,Selected Topics in Accounting,Lu,Tong,1,0,0,0,0,0,0,100
Spring 2021,PHYS,8398,Doctoral Research,Koerner,Lisa Whitehead,0,0,0,0,0,2,0,0
Spring 2021,BIOL,1362,Intro To Biological Science 2,Hanke,Marc H,6,9,0,0,0,4,0,32
Spring 2021,IDNS,2197,Top-Natrl Sci & Mth,De La Rosa-Pohl,Diana,1,0,0,0,0,0,0,100
Spring 2021,ART,3365,Jr Sculpture Major,Mayer,Anna W,1,0,0,0,0,0,0,100
Spring 2021,NURS,6355,Mgmt of Hlth Dsordrs Across Lf,Obulaney,Patricia Anne,3,1,0,0,0,0,0,75
Spring 2021,CHEE,8298,Doctoral Research,Rimer,Jeffrey,0,0,0,0,0,5,0,0
Spring 2021,MECT,3155,Strength Materials Lab,Basaran,Burak,4,6,0,0,0,4,0,29
Spring 2021,ECE,5320,Intro Nanomaterials Engineerin,Bao,Jiming,3,0,0,0,0,0,0,100
Spring 2021,ART,4300,Senior Painting Major I,Hecker,Rachel G,3,2,0,0,0,0,0,60
Spring 2021,CUIN,8398,Independent Study,Chung,Sheng Kuan,1,0,0,0,0,0,0,100
Spring 2021,PHYS,8398,Doctoral Research,Das,Mini,0,0,0,0,0,1,0,0
Spring 2021,PSYC,6398,Independent Studies,Leasure,Jennifer Leigh,0,0,0,0,0,2,0,0
Spring 2021,LAW,6235,Juvenile Representation,Dow,Katya Glockner,0,0,0,0,0,3,0,0
Spring 2021,CHEE,8598,Doctoral Research,Conrad,Jacinta C,0,0,0,0,0,1,0,0
Spring 2021,MECE,4340,Mechanical Engr Capstone I,Hammami,Farah,2,3,0,0,0,1,0,33
Spring 2021,MUSA,3402,Applied Composition,Maroney,Marcus K,2,0,0,0,0,0,0,100
Spring 2021,GENB,7335,Res & Appl-Emerg Innov Microf,Becker,Charles D,0,0,0,0,0,0,0,
Spring 2021,MUSI,4198,Research in Chamber Music,Hester,Timothy E,2,0,0,0,0,0,0,100
Spring 2021,SPAN,8399,Dissertation,Fairclough,Marta A,0,0,0,0,0,2,0,0
Spring 2021,ARCH,6601,Architecture Design Studio II,Logan,Jason,2,1,0,0,0,0,0,67
Spring 2021,ECE,8198,Doctoral Research,Shih,Wei-Chuan,0,0,0,0,0,1,0,0
Spring 2021,INDE,8498,Doctoral Research,Lin PhD,Ying,0,0,0,0,0,1,0,0
Spring 2021,THEA,7324,Graduate Voice/Speech IV,Johnson,James B,1,0,0,0,0,0,0,100
Spring 2021,PHOP,6257,Research Practicum B,Burns,Alan R,1,0,0,0,0,0,0,100
Spring 2021,CHEE,8399,Doctoral Dissertation,Vekilov,Peter,2,0,0,0,0,0,0,100
Spring 2021,ACCT,8398,Special Problems,Lobo,Gerald,1,0,0,0,0,0,0,100
Spring 2021,ANTH,6398,Special Problems,Allen,Paul J,1,0,0,0,0,0,0,100
Spring 2021,PHLS,8199,Dissertation,Smith,Bradley,0,0,0,0,0,1,0,0
Spring 2021,PHYS,4360,Space and Atmospheric Physics,Bering,Edgar A,2,0,0,0,0,0,0,100
Spring 2021,CUIN,8699,Doctoral Dissertation,Wong,Sissy S,0,0,0,0,0,1,0,0
Spring 2021,BIOE,8598,Doctoral Research,Abidian,Mohammad Reza,0,0,0,0,0,0,0,
Spring 2021,MUSA,8420,Doctoral Applied Music,Yon,Kirsten A,1,0,0,0,0,0,0,100
Spring 2021,ECE,8598,Doctoral Research,Rajashekara,Kaushik,0,0,0,0,0,2,0,0
Spring 2021,ARCH,5500,Architecture Design Studio IX,Halstead,Jeffrey,13,0,0,0,0,0,0,100
Spring 2021,CHEM,1112,Fundamentals of Chm Lab,Zaitsev,Vladimir G,4,6,1,0,0,3,4,29
Spring 2021,COSC,8399,Doctoral Dissertation,Mukherjee,Arjun,1,0,0,0,0,0,0,100
Spring 2021,ACCT,2301,Prin of Financial Accounting,Sykes,Mary Reeves,26,22,3,0,0,10,0,43
Spring 2021,POLS,3312,"Arguments, Data, Politics",Marinov,Nikolay,28,2,0,0,0,1,1,90
Spring 2021,POLC,6315,Pol Res II: Mult Analysis,Buttorff,Gail J.,13,2,0,0,0,3,0,72
Spring 2021,POLS,3345,National Security Law,Abbott Jr,Kenneth Wayne,15,11,0,0,0,10,7,42
Spring 2021,SPEC,3360,Individuals with Disabilities,Christensen,Caroline,23,21,1,0,0,6,0,45
Spring 2021,POLS,3367,Campaings and Elections,Cole,Jeffrey Bryan,4,6,0,0,0,1,2,36
Spring 2021,CIS,4375,Project Management & Practice,Detillier,Bret James,4,5,0,0,0,1,0,40
Spring 2021,CUIN,3347,Reading in the Content Area,Morris,Alana,20,3,0,0,0,2,0,80
Spring 2021,PHAR,4331,Pharmaceutics II,Ghose,Romi,15,19,1,0,0,0,0,43
Spring 2021,ENGL,1304,First Year Writing II,Anderson,Claire F,14,2,0,0,0,1,1,82
Spring 2021,MANA,   6A32,Organizational Behavior & Mgt,Witt,Lawrence A,31,0,0,0,0,0,0,100
Spring 2021,ECE,4363,Electromech Energy Conv,Gokdere,Levent U,7,3,0,0,0,0,0,70
Spring 2021,ECE,8298,Doctoral Research,Han,Zhu,0,0,0,0,0,2,0,0
Spring 2021,ECE,6348,Material Science of Thin Films,Wolfe,John C,11,0,0,0,0,0,0,100
Spring 2021,CHEE,3321,Analytical Methods Chem Engr,Conrad,Jacinta C,6,17,2,0,0,23,2,13
Spring 2021,OPTO,5221,Vision Science II,Applegate,Raymond A,13,32,1,3,0,47,0,14
Spring 2021,IDNS,3132,Organic Chem II SEP Workshop,Pattison,Donna,2,0,1,0,0,5,1,25
Spring 2021,PUBL,6311,Public Admin and Policy Impl,Thurmond,James H,4,4,0,0,0,0,0,50
Spring 2021,CNST,1325,Process & Industrial Construct,Ponnusamy,Ravi Chandran,3,5,0,0,0,3,1,27
Spring 2021,HRMA,3336,Beverage Management,Norris,Cortney Lynne,14,12,0,0,0,9,0,40
Spring 2021,THEA,1331,Introduction To Theatre,Ostrow,Stuart,13,8,0,0,0,1,1,59
Spring 2021,BCHS,4361,Clinical Biochemistry,Umetani,Michihisa,39,25,0,0,0,24,3,44
Spring 2021,TEPM,6305,Project Manager Tools,Sherman,Dennis Louis,2,1,0,0,0,1,0,50
Spring 2021,THEA,2336,Lighting and Sound Technology,Saunders,Kristina Elizabeth,4,0,0,0,0,0,0,100
Spring 2021,MUSI,6198,Research in Chamber Music,LeFevre,Suzanne,3,0,0,0,0,0,0,100
Spring 2021,LAW,5297,Selected Topics,Romero Jr,Reynaldo,1,1,0,0,0,3,0,20
Spring 2021,SOCW,8995,Pre-Dissertation Research,Torres,Isabel,0,0,0,0,0,0,0,
Spring 2021,ARCH,4328,Technology 6 Practice of ARCH,Bellian,John,16,59,2,0,0,11,1,18
Spring 2021,MECT,1365,Elements Materials & Processes,Wari,Ezra Tsegaye,12,18,4,0,0,21,1,22
Spring 2021,THEA,3332,Directing I,Watt,Sophia M,2,0,0,0,0,0,0,100
Spring 2021,CUIN,2320,Math for Elem and MS Teachers,Burris,Justin T,21,10,0,0,0,4,2,60
Spring 2021,DAN,2300,Dance Improvisation,Valls,Rebecca B,17,2,0,0,0,4,0,74
Spring 2021,THEA,6171,Techniques and Styles,Niederer,Barbara,2,0,0,0,0,0,0,100
Spring 2021,MUED,2320,Computers for Musicians,Welch,Carl Chapman,5,2,0,0,0,0,1,71
Spring 2021,MATH,1431,Calculus I,Perepelitsa,Irina,16,22,6,0,0,36,10,20
Spring 2021,SCM,4367,Process and Quality Management,Miller,Bradley D,41,24,1,0,0,22,0,47
Spring 2021,PETR,6312,Well Log Eval of Petr Formatn,Myers,Michael Tolbert,6,4,0,0,0,5,0,40
Spring 2021,THEA,4398,Independent Study,Cooper,Charles G,1,0,0,0,0,0,0,100
Spring 2021,MUSI,2302,Listening to Jazz,Marmolejo,Noe J,52,3,0,0,0,1,2,93
Spring 2021,CIS,6397,Selected Topics,Zhang,Yunpeng,8,1,0,0,0,0,0,89
Spring 2021,HON,2341,Classics of Modernity,Morrison,Iain P D,131,60,0,0,0,31,0,59
Spring 2021,HON,2341,Classics of Modernity,Rayneard,Max James Anthony,131,60,0,0,0,31,0,59
Spring 2021,ACCT,4105,PPA Colloquium 1,Newman,Michael Ray,0,0,0,0,0,69,1,0
Spring 2021,IDNS,1112,Physics 1322 Workshop,Pattison,Donna,3,3,1,0,0,3,0,30
Spring 2021,ACCT,3368,Intermediate Accounting II,Sun,Xue,2,4,0,0,0,5,1,18
Spring 2021,ECE,5397,Selected Topics,Pan,Miao,18,7,3,0,0,4,0,56
Spring 2021,ECE,8498,Doctoral Research,Chen,Jiefu,0,0,0,0,0,4,0,0
Spring 2021,ELCS,8312,Lab of Practice-Res Meth Devel,Santi,Kristi L,0,0,0,0,0,3,0,0
Spring 2021,CUIN,4361,Second Language Methodology,Li,Miao,31,6,1,0,0,2,0,78
Spring 2021,PSYC,4321,Abnormal Psychology,Orr,Michael F,35,15,5,0,0,17,1,49
Spring 2021,ELED,3322,Elem Reading Phonics Instructn,Alba,Celeste,14,8,1,0,0,0,0,61
Spring 2021,NUTR,4349,Public Policy in Nutrition,Vollrath,Kirstin,65,51,5,0,0,21,4,46
Spring 2021,LAW,5386,Trial Advocacy,Cunningham,David P,9,11,0,0,0,2,0,41
Spring 2021,FINA,4353,Practicum Pers Finan Planning,Lopez,John C,1,5,0,0,0,6,0,8
Spring 2021,ACCT,5331,Federal Income Tax-Individual,Fernandez,Ramon,4,1,0,0,0,0,1,80
Spring 2021,CHEM,3221,Fund of Organic Chem. Lab I,Bean,Mary B,7,12,0,0,0,4,0,30
Spring 2021,CHEM,3221,Fund of Organic Chem. Lab I,Bean,Mary B,11,5,1,0,0,1,4,61
Spring 2021,NURS,4322,Policy &Ethics in Prof Nursing,Dwyer,Carol Ann,20,6,0,0,0,0,1,77
Spring 2021,MECT,4188,Ethics in Engineering Tech,Moghaddam,Hassan,9,3,2,0,0,0,0,64
Spring 2021,PETR,8298,Doctoral Research,Soliman,Mohamed Yousef,0,0,0,0,0,1,0,0
Spring 2021,COMD,4382,Aural Rehabilitation,Andrews,Chereece N,36,2,0,0,0,0,0,95
Spring 2021,GEOL,1130,Physical Geology Lab,Sisson,Virginia B,9,3,0,0,0,7,0,47
Spring 2021,NURS,3230,Nursing Professional Role I,Quintana,Danielle,66,6,0,0,0,0,0,92
Spring 2021,IDNS,1131,Calculus I SEP Workshop,Pattison,Donna,4,2,0,0,0,2,0,50
Spring 2021,COMD,6230,Autism Spectrum Disorders,Ross,Byron L,11,3,0,0,0,0,0,79
Spring 2021,SOCW,7356,Groups in Clinical Settings,O'Neal,Vaughn,25,2,0,0,0,1,0,89
Spring 2021,OPTO,7262,Rehabilitative Optometry,Modi,Swati,50,33,0,0,0,11,0,53
Spring 2021,ECE,2100,Circuit Analysis Laboratory,Phillips,Desiree Lyn,0,11,2,0,0,13,1,0
Spring 2021,ANTH,2303,Intro To Archaeology,Brown,Kenneth L,10,10,0,0,0,1,0,48
Spring 2021,BCHS,3201,Biochemistry I Laboratory,Pattison,Donna,10,4,2,0,0,2,4,56
Spring 2021,ACCT,5332,Corporate Taxation,Chen,Xi,2,5,2,0,0,5,0,14
Spring 2021,MECE,3400,Intro To Mechanics,Agrawal,Ashutosh,17,20,0,0,0,6,2,40
Spring 2021,KIN,3305,Sport Sociology,Ogunrinde,Joyce,23,12,4,0,0,10,0,47
Spring 2021,IDNS,1141,Chemistry I SEP Workshop,Pattison,Donna,7,3,1,0,0,9,0,35
Spring 2021,COSC,2430,Programming and Data Structure,Rizk,Nouhad J,5,4,1,0,0,15,8,20
Spring 2021,HRMA,6397,Selected Topics,Kim,Jaewook,16,0,0,0,0,0,1,100
Spring 2021,PHAR,5645,Pharmacy Informatics,Truong,Mabel,2,0,0,0,0,0,0,100
Spring 2021,MUSA,2344,Applied Trombone,Kauk,Brian Keith,3,1,0,0,0,0,0,75
Spring 2021,ART,4362,Senior Sculpture Major I,Conrad,Jillian,6,0,0,0,0,0,0,100
Spring 2021,CHEM,3221,Fund of Organic Chem. Lab I,Bean,Mary B,7,8,1,0,0,6,0,32
Spring 2021,MANA,3335,Intro Org Behavior and Mgmt,Salaiz,Ashley,31,8,1,0,0,6,0,67
Spring 2021,HLT,4392,Field Work in Community Health,Solari Williams,Kayce D.,50,3,1,0,0,0,1,93
Spring 2021,BIOL,7167,Population Biology Seminar,Azevedo,Ricardo,0,0,0,0,0,6,0,0
Spring 2021,PCEU,7340,Advanced Drug Delivery,Chow,Diana Shu-Lian,9,0,0,0,0,0,0,100
Spring 2021,CHEM,1111,Fundamentals of Chm Lab,Zaitsev,Vladimir G,8,3,0,0,0,5,1,50
Spring 2021,BIOL,1162,Intro To Biol Science Lab 2,Medrano,Ana I,14,4,0,0,0,1,3,74
Spring 2021,MECE,8398,Doctoral Research,Sun,Li,0,0,0,0,0,2,0,0
Spring 2021,CNST,6360,Computer Applications in CM,Song,Lingguang,2,1,0,0,0,1,0,50
Spring 2021,ART,4305,Senior Painting Major II,Frankfort,Dana M,5,1,0,0,0,0,0,83
Spring 2021,MUSA,6420,Applied Violin,Yon,Kirsten A,1,0,0,0,0,0,0,100
Spring 2021,PHCA,8198,Doctoral Dissertation Research,Thornton,James D,1,0,0,0,0,0,0,100
Spring 2021,PSYC,6598,Special Problems,Tamber-Rosenau,Benjamin J,2,0,0,0,0,0,0,100
Spring 2021,SOCW,7397,Selected Topics in Social Work,Brown,Aabha,6,0,0,0,0,0,0,100
Spring 2021,HIST,8999,Doctoral Dissertation,Takriti,Abdel Razzaq,0,0,0,0,0,2,0,0
Spring 2021,COSC,8698,Doctoral Research,Chen,Guoning,0,0,0,0,0,1,0,0
Spring 2021,ENGL,8399,Doctoral Dissertation,Tejada,Roberto Jose,0,0,0,0,0,1,0,0
Spring 2021,EDUC,4314,Student Teaching Sec,Thompson,Amber M,15,0,1,0,0,0,0,94
Spring 2021,COSC,6353,Software Design,Subramaniam,Venkat,10,0,0,0,0,0,0,100
Spring 2021,PHOP,8498,Doctoral Research,Berntsen,David A,1,0,0,0,0,0,0,100
Spring 2021,MATH,6315,Masters Tutorial,Morgan,Jeffrey,2,0,0,0,0,0,0,100
Spring 2021,PHOP,7241,Pathophysiology of the Eye,Otteson,Deborah C,3,0,0,0,0,0,0,100
Spring 2021,NURS,6366,FNP Capstone Clinical,Varghese,Shainy B,10,0,0,0,0,0,0,100
Spring 2021,CUIN,7361,Master Reading Teacher,Hutchison,Laveria F,8,0,0,0,0,0,0,100
Spring 2021,PHYS,8399,Doctoral Dissertation,Lubchenko,Vassiliy,0,0,0,0,0,1,0,0
Spring 2021,CUIN,8310,Laboratory of Practice,White,Cameron Scott,4,0,0,0,0,0,0,100
Spring 2021,CHEE,2332,Chem Engr Thermodyn I,Henderson,Jerrod A,1,0,0,0,0,3,3,25
Spring 2021,PETR,6398,Research,Wong,George K,0,0,0,0,0,1,0,0
Spring 2021,PHOP,7242,Visual Neuroscience,Das,Vallabh E,1,0,0,0,0,0,0,100
Spring 2021,PETR,8298,Doctoral Research,Lee,Kyung Jae,0,0,0,0,0,2,0,0
Spring 2021,ENGL,4398,Independent Study,Nelms,Jodi Lynn,1,0,0,0,0,0,0,100
Spring 2021,PHLS,8398,Special Problems,Master,Allison,1,0,0,0,0,0,0,100
Spring 2021,MECE,6399,Masters Thesis,Sharma,Pradeep,0,0,0,0,0,0,0,
Spring 2021,PSYC,6398,Independent Studies,Eisenberger,Robert W,2,0,0,0,0,0,0,100
Spring 2021,MUSA,1334,Applied Clarinet,Griffin,Randall S,2,0,0,0,0,0,0,100
Spring 2021,PSYC,6399,Masters Thesis,Sharp,Carla,1,0,0,0,0,1,0,50
Spring 2021,PSYC,7338,CDLNeuropsych: Assess/App II,Cirino,Paul,3,0,0,0,0,0,0,100
Spring 2021,GEOL,7399,Masters Thesis,Sager,William W,1,0,0,0,0,0,0,100
Spring 2021,PHOP,6157,Research Practicum B,Coulson-Thomas,Vivien J,1,0,0,0,0,0,0,100
Spring 2021,ECE,6298,Research,Krishnamoorthy,Harish Sarma,0,0,0,0,0,1,0,0
Spring 2021,ENGL,8398,Graduate English Resrch,Wingard,Jennifer L,0,0,0,0,0,1,0,0
Spring 2021,SOCW,8399,Dissertation,Torres-Hostos,Luis R,0,0,0,0,0,0,0,
Spring 2021,ECE,8598,Doctoral Research,Shih,Wei-Chuan,0,0,0,0,0,2,0,0
Spring 2021,CHEE,8598,Doctoral Research,Varadarajan,Navin,0,0,0,0,0,1,0,0
Spring 2021,CHEE,8298,Doctoral Research,Robertson,Megan L,0,0,0,0,0,2,0,0
Spring 2021,PSYC,4399,Senior Honors Thesis,Medina PhD,Luis Daniel,1,0,0,0,0,0,0,100
Spring 2021,CHEM,1112,Fundamentals of Chm Lab,Zaitsev,Vladimir G,5,6,0,0,0,2,3,38
Spring 2021,CHEM,1112,Fundamentals of Chm Lab,Zaitsev,Vladimir G,7,9,1,0,0,1,0,39
Spring 2021,ACCT,4335,Financial Statement Auditing,Kuruvilla,Mohan,11,9,2,0,0,8,3,37
Spring 2021,MECT,3366,Lean Manufacturing,Rypien,David V,33,6,0,0,0,0,0,85
Spring 2021,SPAC,6398,Special Problems,Kennedy,Kriss Jon,5,0,0,0,0,0,0,100
Spring 2021,CIS,3320,Information Visualization,Lendasse,Amaury,59,22,3,0,0,12,5,61
Spring 2021,MARK,4332,Social Media Marketing,Zahn,William J,21,15,0,0,0,8,0,48
Spring 2021,HON,2101,The Human Situation:Modernity,Morrison,Iain P D,7,4,1,0,0,3,0,47
Spring 2021,TLIM,3363,Technical Communications,Feriante,Chris,12,1,0,0,0,2,6,80
Spring 2021,TLIM,3363,Technical Communications,Tangeman,Anthony C,10,18,1,0,0,8,0,27
Spring 2021,ENGL,1304,First Year Writing II,Barr,Gerald,8,7,0,0,0,3,1,44
Spring 2021,LAW,5200,Depositions,Morfey,Michael D,4,7,0,0,0,3,0,29
Spring 2021,CIS,4375,Project Management & Practice,Gibbs,Thomas Garfield,0,4,2,0,0,21,0,0
Spring 2021,MECE,5363,Fluid Mechanics,Prosperetti,Andrea,1,1,0,0,0,7,0,11
Spring 2021,PUBL,6343,GIS for Urban Applications,Yuasa,Toshiyuki,1,4,0,0,0,0,0,20
Spring 2021,PSYC,7399,Masters Thesis,Damian,Rodica Ioana,0,0,0,0,0,1,0,0
Spring 2021,ENGI,1331,Computing for Engineers,Kota,Venkata Krishna Tulasi,26,15,0,0,0,20,0,43
Spring 2021,PHYS,1101,General Physics Laboratory I,Maric,Sladjana,5,8,0,0,0,10,0,22
Spring 2021,COSC,1430,Introduction to Programming,Toti,Giulia,101,27,6,0,0,24,28,64
Spring 2021,INDS,1501,Industrial Design Studio II,Wells,Adam C,1,6,1,0,0,3,0,9
Spring 2021,PHCA,8298,Doctoral Dissertation Research,Aparasu,Rajender R,0,0,0,0,0,3,0,0
Spring 2021,BIOL,1144,Hum Anat Physiol Lab II,Gill,Tejendra,4,10,1,0,0,9,0,17
Spring 2021,TLIM,3345,Human Resources in Technology,Evans,Ruth Ann,37,2,0,0,0,2,0,90
Spring 2021,COMM,4363,Integrated Comm. Campaigns,Clark,Thomas R,23,1,0,0,0,0,0,96
Spring 2021,LAW,6239,Admiralty Envirmnt'l Insurance,Engerrand,Kenneth G,3,6,0,0,0,14,0,13
Spring 2021,CHEM,6998,Special Problems,Lee,T Randall,0,0,0,0,0,3,0,0
Spring 2021,OPTO,5172,Clinic Practicum II,Kehinde,Lucy,7,10,0,0,0,8,0,28
Spring 2021,COSC,6398,Special Problems,Kakadiaris,Ioannis A.,0,0,0,0,0,1,0,0
Spring 2021,HON,3304,Objects of Medicine,Lunstroth,John,1,1,0,0,0,0,0,50
Spring 2021,NURS,4219,Pediatric Concepts of Care,Brooks,Andrea Nicole,4,7,0,0,0,0,0,36
Spring 2021,LAW,5227,Procedure of Patent Litigation,Maule,Charles Stephen,5,6,0,0,0,0,0,45
Spring 2021,SOCW,7301,Confronting Oppression & Injus,Harris,Maranda T,18,4,0,0,0,1,0,78
Spring 2021,ENGI,1100,Introduction To Engineering,Kota,Venkata Krishna Tulasi,6,11,0,0,0,16,0,18
Spring 2021,PHOP,8198,Doctoral Research,Coates,Daniel R,1,0,0,0,0,0,0,100
Spring 2021,LAW,5410,Law Review,Sanders,Joseph,0,0,0,0,0,15,0,0
Spring 2021,TLIM,4397,Selected Topics Org Leadership,Burns,Maria,6,0,0,0,0,0,0,100
Spring 2021,MATH,1431,Calculus I,Constante,Beatrice,74,53,9,0,0,57,9,38
Spring 2021,COSC,6110,Graduate Colloquium,Leiss,Ernst L,0,0,0,0,0,4,0,0
Spring 2021,THEA,4350,Movement for the Actor IV,Noble,Adam S,8,1,0,0,0,1,0,80
Spring 2021,OPTO,6374,Contact Lens I,Lee,Karen L,25,59,0,0,0,13,0,26
Spring 2021,FREN,3322,Francophone African Cinema,Tolliver,Julie F,0,1,0,0,0,1,0,0
Spring 2021,KIN,1304,Public Hlt Issues in Phys/Obes,Graham,Marilynn Hadassah,71,17,1,0,0,6,0,75
Spring 2021,CUIN,3312,Educational Technology,Zhang,Haoyue,26,4,1,0,0,1,1,81
Spring 2021,TLIM,4371,Leading Change in the Wrkplace,Harlan,Pamela Kay,14,7,2,0,0,4,0,52
Spring 2021,CNST,1315,Project Drawings and Graphics,Ray,Kyle A,4,8,1,0,0,3,4,25
Spring 2021,MARK,3337,Professional Selling,Vandaveer,Amy L,126,59,2,0,0,40,10,56
Spring 2021,HRMA,4355,Event Administration,Liu,Yi,17,9,1,0,0,2,0,59
Spring 2021,PHYS,1322,University Physics II,Morrison,Gregory C,5,19,2,0,0,41,0,7
Spring 2021,HRD,3351,Instructional Design for HRD,Pereira-Leon,Maura Josefina,16,13,1,0,0,5,0,46
Spring 2021,PHYS,1322,University Physics II,Hosur,Pavan R,7,16,5,0,0,51,3,9
Spring 2021,BIOL,1144,Hum Anat Physiol Lab II,Gill,Tejendra,3,6,1,0,0,9,1,16
Spring 2021,WGSS,3350,Feminist Theory,Gregory,Elizabeth,10,1,0,0,0,1,0,83
Spring 2021,SPAN,2615,Intsve Inter Span Heritg Lrnrs,Martinez,Raquel,5,8,1,0,0,5,1,26
Spring 2021,OPTO,5172,Clinic Practicum II,Berntsen,David A,7,10,0,0,0,8,0,28
Spring 2021,COMD,6240,Augment. & Altern. Communicatn,Thiessen,Amber L,27,7,0,0,0,0,0,79
Spring 2021,LACP,2111,Liberal Arts Career Planning,Stephens-Gonzales,Jamie D,0,0,0,0,0,20,1,0
Spring 2021,HRMA,2340,System of Accts in Hospitality,DeFranco,Agnes L,12,10,2,0,0,3,1,44
Spring 2021,SOCW,7354,Spirituality and Aging,Miyawaki,Christina E,7,1,0,0,0,0,0,88
Spring 2021,MUSI,3300,Listening To Music Masterworks,Diehl,Alaina B,8,0,1,0,0,0,0,89
Spring 2021,BTEC,3317,Biotech Regulatory Environment,Flavier,Albert B,10,24,7,0,0,30,2,14
Spring 2021,FREN,2302,Intermediate French,Panchang,Maya,7,6,0,0,0,11,1,29
Spring 2021,POLS,3385,Introduction to Law,Jackson,Jerald W,10,11,0,0,0,13,0,29
Spring 2021,PHIL,1361,Philosophy and the Arts,Mag Uidhir,Christopher Domh,54,59,14,0,0,81,8,26
Spring 2021,PHIL,1361,Philosophy and the Arts,Drapela,Nick Gerard,18,16,1,0,0,11,1,39
Spring 2021,POLS,3311,Intro Compar Politics,Aleman,Eduardo,15,11,2,0,0,12,1,38
Spring 2021,COSC,4351,Fundamentals of Software Engr,Hilford,Victoria,25,18,1,0,0,2,0,54
Spring 2021,EGRP,1183,Engineering Applications XIII,Henderson,Jerrod A,0,0,0,0,0,3,0,0
Spring 2021,ECE,8298,Doctoral Research,Mayerich,David Matthew,0,0,0,0,0,3,0,0
Spring 2021,PHAR,5668,Managed Care Pharmacy,Tolleson,Shane Russell,4,0,0,0,0,0,0,100
Spring 2021,MECE,5397,Selected Topics,Wang,Su Su,5,16,0,0,0,5,0,19
Spring 2021,ACCT,2302,Prin of Managerial Accounting,Weber,Catherine K,26,21,4,0,0,24,2,35
Spring 2021,PHYS,7338,Solid State Physics II,Ting,Chin Sen,12,0,0,0,0,0,0,100
Spring 2021,ENGL,8386,Topics in Postcolonial Studies,Aboul-Ela,Hosam,8,0,0,0,0,0,0,100
Spring 2021,MUSI,4198,Research in Chamber Music,LeFevre,Suzanne,6,0,0,0,0,0,0,100
Spring 2021,ART,7398,Independent Graduate Study,Hillerbrand,Stephan C,1,0,0,0,0,0,0,100
Spring 2021,ENGL,2315,Literature and Film,Valentine,Amandelin A,10,2,0,0,0,3,0,67
Spring 2021,MATH,6303,Modern Algebra,Heier,Gordon,8,0,0,0,0,0,0,100
Spring 2021,COSC,1306,Computer Science & Program,Rincon Castro,Carlos Alberto,45,17,2,0,0,20,6,54
Spring 2021,COSC,1306,Computer Science & Program,Huang,Shou-Hsuan Stephen,9,17,2,0,0,18,10,20
Spring 2021,COMM,4303,Communication Law & Ethics,Kirkland,Steven Earl,39,8,0,0,0,0,1,83
Spring 2021,ACCT,6331,Financial Accounting,Li,Bin,10,2,0,0,0,0,0,83
Spring 2021,POLS,1337,"US Govt: Congress,Pres & Crts",Littlepage,Kelley G,32,83,18,0,0,82,4,15
Spring 2021,MUSI,4112,Chamber Music - Woodwind,Pradervand,Dana S,3,0,0,0,0,0,0,100
Spring 2021,CNST,2325,Process and Industrial Subsyst,Zayas,Frederick A,1,14,0,0,0,4,0,5
Spring 2021,LAW,6218,Client Interviewng & Counselng,Martin,Walter Clark,2,7,0,0,0,3,0,17
Spring 2021,LAW,7397,Selected Topics,Hawkins,James R,7,5,0,0,0,0,0,58
Spring 2021,POLS,6481,Quantitative Methods II,Basinger,Scott J,9,1,0,0,0,0,0,90
Spring 2021,ENGL,1304,First Year Writing II,Alcorn,Charles William,13,3,0,0,0,2,0,72
Spring 2021,MIS,4397,Selected Topics in MIS,Hou,Jinghui,3,1,0,0,0,0,0,75
Spring 2021,INAR,3501,Interior Arch Studio VI,Tucker de Vazquez,Sheryl,2,3,0,0,0,1,0,33
Spring 2021,ATP,6323,Upper Extremity Evaluation,Harrison,Layci,2,7,0,0,0,0,0,22
Spring 2021,MARK,4373,Advanced Professional Selling,Pingel,John W,19,1,0,0,0,2,0,86
Spring 2021,MUED,4231,Instrumental Conducting II,Pradervand,Dana S,15,2,0,0,0,1,0,83
Spring 2021,SCM,7385,Supply Chain Corp Projects,Smith,Gordon D,18,1,0,0,0,0,0,95
Spring 2021,PHAR,5690,Internal Medicine,Sherer,Jeffrey T,3,0,0,0,0,0,0,100
Spring 2021,IDNS,1132,Calculus II SEP Workshop,Pattison,Donna,3,0,1,0,0,7,0,27
Spring 2021,ELCS,6370,Research for Educatnal Leaders,Rangel,Virginia,5,3,0,0,0,0,0,63
Spring 2021,LAW,5381,Legal Negotiation,Lawrence,Jim E,8,14,0,0,0,2,0,33
Spring 2021,ARCH,6397,Sel Tpcs-Arc/Urbn Desgn,Race,Bruce Alan,1,1,0,0,0,0,0,50
Spring 2021,HLT,4307,Research and Eval in Health,Correa-Fernandez,Virmarie,0,1,0,0,0,2,0,0
Spring 2021,MUSI,6350,Applied Music Pedagogy,Van Kekerix,Todd Evan,5,1,0,0,0,0,0,83
Spring 2021,MARK,6398,Research,McCormick,Kelly,2,0,0,0,0,0,0,100
Spring 2021,MECE,6368,Mechanical Design Proj,Chen,Zheng,1,0,0,0,0,0,0,100
Spring 2021,PHLS,6391,Counseling Methods &Techniques,Dworaczyk,Danielle Marks,8,0,0,0,0,0,0,100
Spring 2021,ARCH,3397,Selected Topics,Mantz,Ophelia,2,6,0,0,0,1,0,22
Spring 2021,MUSA,6320,Applied Violin,Yon,Kirsten A,5,0,0,0,0,0,0,100
Spring 2021,HON,3306,Health and Human Rights,Valier,Helen K,8,0,0,0,0,0,0,100
Spring 2021,IDNS,1131,Calculus I SEP Workshop,Pattison,Donna,1,0,1,0,0,1,0,33
Spring 2021,PCOL,8399,Doctoral Dissertation,Banday,Anees A,0,0,0,0,0,0,0,
Spring 2021,MUSA,6322,Applied Viola,Brooks,Wayne A,1,0,0,0,0,0,0,100
Spring 2021,MUSA,2348,Applied Euphonium,Vinson,Danny S,2,0,0,0,0,0,0,100
Spring 2021,GEOL,7398,Masters Research,Sun,Jiajia,0,0,0,0,0,1,0,0
Spring 2021,CHEM,8998,Doctoral Research,Gilbertson,Scott R,0,0,0,0,0,6,0,0
Spring 2021,COSC,8399,Doctoral Dissertation,Cheng,Albert M K,0,0,0,0,0,2,0,0
Spring 2021,LAW,5110,Law Review,Sanders,Joseph,0,0,0,0,0,3,0,0
Spring 2021,MECE,7399,Masters Thesis,Metcalfe,Ralph W,1,0,0,0,0,1,0,50
Spring 2021,PHLS,8699,Doctoral Dissertation,de Dios,Marcel A,0,0,0,0,0,1,0,0
Spring 2021,LAW,5183,Mediation Process,Willis,Tasha L,0,3,0,0,0,0,0,0
Spring 2021,PHYS,6398,Special Problems,Varghese,Oomman K,0,0,0,0,0,1,0,0
Spring 2021,COMM,6398,Special Problems,Ni,Lan,1,0,0,0,0,0,0,100
Spring 2021,BIOE,8399,Doctoral Dissertation,Zouridakis,George,0,0,0,0,0,0,0,
Spring 2021,CUIN,8393,Adv Internship & Prac,Chauvot,Jennifer B,2,0,0,0,0,0,0,100
Spring 2021,CHEM,6698,Special Problems,May,Jeremy A,0,0,0,0,0,2,0,0
Spring 2021,CHEM,8998,Doctoral Research,Halasyamani,P Shiv,0,0,0,0,0,1,0,0
Spring 2021,CHEM,8998,Doctoral Research,Brgoch,Jakoah,0,0,0,0,0,2,0,0
Spring 2021,BIOE,8298,Doctoral Research,Naash,Muna,0,0,0,0,0,2,0,0
Spring 2021,PETR,8598,Doctoral Research,Sakhaee Pour,Ahmad,0,0,0,0,0,1,0,0
Spring 2021,PHOP,8399,Doctoral Dissertation,Rump,Rachel,1,0,0,0,0,0,0,100
Spring 2021,MATH,8999,Doctoral Dissertation,Vershynina,Anna,1,0,0,0,0,0,0,100
Spring 2021,PHCA,7299,Master Thesis,Tolleson,Shane Russell,0,0,0,0,0,1,0,0
Spring 2021,THEA,6335,Scenery/Lighting Design,Rigdon,Kevin L,2,0,0,0,0,0,0,100
Spring 2021,CIVE,6298,Research,Shaffer,Devin,0,0,0,0,0,1,0,0
Spring 2021,CIS,6397,Selected Topics,Lindner,Peggy,1,0,0,0,0,0,0,100
Spring 2021,CHEE,8598,Doctoral Research,Robertson,Megan L,0,0,0,0,0,1,0,0
Spring 2021,PSYC,4398,Independent Study,Zvolensky,Michael J,1,0,0,0,0,0,0,100
Spring 2021,PHYS,8999,Doctoral Dissertation,Bassler,Kevin E,1,0,0,0,0,0,0,100
Spring 2021,MUSA,1338,Saxophone,Witt,Woodrow W,1,0,0,0,0,0,0,100
Spring 2021,SOCW,8999,Dissertation,Narendorf,Sarah C.,0,0,0,0,0,1,0,0
Spring 2021,MUSA,1176,Applied Jazz Percussion,Warren,Paul Alexander,0,0,0,0,0,0,0,
Spring 2021,FINA,7381,Principles of Real Estate,Jacobus,Charles J,8,5,0,0,0,2,0,53
Spring 2021,ENGL,1304,First Year Writing II,Rajkumar,Nidhi,8,4,0,0,0,4,0,50
Spring 2021,PSYC,6357,Clinical Assessment II,Williams,Michael W,3,5,0,0,0,0,0,38
Spring 2021,CNST,4331,Construction Management II,Sulehri,Hassan,30,8,0,0,0,0,0,79
Spring 2021,ECON,2304,Microeconomic Principles,Alexander,Erin McCarthy,1,9,1,0,0,34,7,2
Spring 2021,CIS,6324,Information Sys Sec Risk,Bronk,Robert C.,27,3,0,0,0,0,0,90
Spring 2021,ENGL,1303,First Year Writing I,Stewart-Steele,Heather Marie,1,5,0,0,0,5,0,9
Spring 2021,ENTR,4110,Entrepren Values & Leadership,Cook,David B,36,0,0,0,0,0,0,100
Spring 2021,CUIN,4375,Classroom Management,Snead,Lauren Oropeza,19,1,0,0,0,2,0,86
Spring 2021,ENGL,1304,First Year Writing II,Anderson,Claire F,10,2,0,0,0,4,0,63
Spring 2021,PSYC,2344,Cultural Psychology,Madubata,Ijeoma J,39,21,4,0,0,8,1,54
Spring 2021,PHYS,1122,University Phys Laboratory II,Wood,Lowell T,4,9,4,0,0,6,0,17
Spring 2021,ELCS,6310,Strategic Engagement,Klussmann,Duncan Foster,23,0,0,0,0,0,0,100
Spring 2021,ECE,3340,Numerical Methods for ECE,Mayerich,David Matthew,26,9,0,0,0,12,0,55
Spring 2021,PHAR,5660,Pharmaceutical Industry,Tolleson,Shane Russell,1,0,0,0,0,0,0,100
Spring 2021,ACCT,7372,Multijurisdictional Taxation,Evetts,Nancy Zalmanek,25,6,0,0,0,1,0,78
Spring 2021,PHYS,1302,Intro General Physics II,Portillo Vazquez,Israel,29,24,3,0,0,43,1,29
Spring 2021,ENGL,4395,Topics in Autobiography,Stephens,Brendan C,8,2,0,0,0,2,1,67
Spring 2021,NURS,3633,Clinical Nursing Practice I,Quintana,Danielle,68,4,1,0,0,0,4,93
Spring 2021,ART,4333,Senior Graphic Design Major II,Kim,Yoonkyung,7,7,0,0,0,0,0,50
Spring 2021,POLS,3349,American Political Thought,Bailey,Jeremy D,6,11,1,0,0,2,1,30
Spring 2021,PHYS,3112,Modern Optics Laboratory,Stokes,Donna,1,1,0,0,0,0,0,50
Spring 2021,SPAN,3384,Intro To Hispanic Literature,Cuesta,Mabel,6,1,0,0,0,1,0,75
Spring 2021,NURS,6332,Biostatistics,Love,Mary Frances,3,1,0,0,0,0,1,75
Spring 2021,IDNS,1102,Physics 1302 Workshop,Pattison,Donna,28,4,0,0,0,3,0,80
Spring 2021,MUSI,3301,Listening To World Music,Diehl,Alaina B,14,3,0,0,0,5,1,64
Spring 2021,MUSA,4189,Senior Recital,Barton,Mark,2,0,0,0,0,0,0,100
Spring 2021,ELED,4312,Science in the Elem School II,Bailer,Jill,28,1,0,0,0,1,0,93
Spring 2021,GEOL,1130,Physical Geology Lab,Sisson,Virginia B,11,6,0,0,0,1,2,61
Spring 2021,SOCW,8999,Dissertation,Pritzker,Suzanne,1,0,0,0,0,0,0,100
Spring 2021,OPTO,6291,General Clinic II,Knowles,Julianne Renee,0,0,0,0,0,98,0,0
Spring 2021,GEOL,8998,Doctoral Research,Li,Aibing,0,0,0,0,0,1,0,0
Spring 2021,HRMA,7334,Pricing & Revenue Mgmt in Hosp,Kazemi Zarkouei,Mohammad Sadegh,22,6,0,0,0,3,0,71
Spring 2021,SPAN,2301,Intermediate Spanish I,Patron Rivera,Mauricio,9,9,3,0,0,2,3,39
Spring 2021,HLT,3325,Medical Terminology,Bloom,Joel A,129,15,1,0,0,5,0,86
Spring 2021,HIST,1378,The U S Since 1877,Wilson,Ezell Lamont,34,13,1,0,0,25,5,47
Spring 2021,BIOL,3132,Elementary Microbiology Lab,Knapp,Richard D,3,11,1,0,0,6,0,14
Spring 2021,PSYC,4347,Tests and Measurements,Mariotto PhD,Marco J,14,15,1,0,0,8,0,37
Spring 2021,COSC,4396,Senior Research Project,Rincon Castro,Carlos Alberto,1,0,0,0,0,0,0,100
Spring 2021,PHIL,1301,Intro To Philosophy,Oliveira,Luis RG,115,33,2,0,0,16,1,69
Spring 2021,HRMA,2350,Mgmt Principles in Hospitality,Acosta,Karla Michelle,52,5,0,0,0,0,0,91
Spring 2021,CIVE,4337,Transportation Engineering,Siercks,Megan Elizabeth,9,24,1,0,0,7,0,22
Spring 2021,MECE,6363,Physical Metallurgy,Sun,Li,7,7,0,0,0,0,2,50
Spring 2021,TLIM,4342,Quality Improvement Methods,Terrell,John Allen,26,12,0,0,0,2,0,65
Spring 2021,CIS,3337,Secure Application Design,Kinsey,Denise M,73,9,0,0,0,1,0,88
Spring 2021,COMM,3311,Editing Print & Digital Media,Crixell,Charles A,5,7,0,0,0,8,0,25
Spring 2021,ELET,4351,Biomedical Data Mining,Pollonini,Luca,8,4,0,0,0,3,0,53
Spring 2021,HDFS,1300,Dev of Contemporary Families,Jordan,Erica F,74,50,4,0,0,17,2,51
Spring 2021,THEA,1331,Introduction To Theatre,Hinkel,Heidi Anne,206,50,8,0,0,48,6,66
Spring 2021,FREN,4397,Sel Tops in French Literature,Giacchetti,Claudine A,3,3,0,0,0,3,0,33
Spring 2021,SPAN,1501,Elementary Spanish I,Felker Centeno,Ana Emilia,15,2,0,0,0,5,1,68
Spring 2021,PHAR,5208,Infect Disease Pharmacotherapy,Sofjan,Amelia Kartikasari,0,1,0,0,0,0,0,0
Spring 2021,ENGL,7699,Thesis,Divakaruni,Chitra B,2,0,0,0,0,0,0,100
Spring 2021,BIOE,4310,Drug Design and Delivery,Naash,Muna,10,2,0,0,0,1,0,77
Spring 2021,BIOE,6310,Drug Design and Delivery,Naash,Muna,7,0,0,0,0,0,0,100
Spring 2021,ENGI,2304,Technical Communications,Sanchez,Yvonne Wade,22,4,1,0,0,6,0,67
Spring 2021,DAN,3306,Dance Composition III,Stokes,Karen E,3,0,0,0,0,0,0,100
Spring 2021,ELCS,8356,Program Policy Evaluation,Rangel,Virginia,11,1,0,0,0,0,0,92
Spring 2021,THEA,1331,Introduction To Theatre,Brincks,Alan,32,5,2,0,0,9,1,67
Spring 2021,CNST,6308,Data Analysis in Construc Mgmt,Gao,Lu,10,0,0,0,0,0,0,100
Spring 2021,CUIN,3111,Educational Tech Elem Teachers,Ugwu,Lydia Oluchi,10,5,0,0,0,1,0,63
Spring 2021,CHEE,8399,Doctoral Dissertation,Cirino,Patrick C,2,0,0,0,0,0,0,100
Spring 2021,THEA,3364,Costume History,Verheyen PhD,Claremarie H,7,2,0,0,0,2,2,64
Spring 2021,BIOE,6306,Adv Artificial Neural Networks,Francis,Joseph Thachil,7,1,0,0,0,1,1,78
Spring 2021,PHAR,5259,Module Related Skills Lab II,Surati,Dhara Divyang,13,5,1,0,0,0,0,68
Spring 2021,MATH,3321,Engineering Mathematics,Torok,Andrei S,6,3,0,0,0,17,1,23
Spring 2021,PHYS,1102,General Physics Laboratory II,Maric,Sladjana,4,9,1,0,0,8,0,18
Spring 2021,PHYS,1102,General Physics Laboratory II,Wood,Lowell T,2,12,4,0,0,2,0,10
Spring 2021,MATH,1313,Finite Math with Applications,Caglar,Atife,20,16,1,0,0,17,5,37
Spring 2021,POLS,1336,US and Texas Const/Politics,Abbott Jr,Kenneth Wayne,24,40,14,0,0,88,3,14
Spring 2021,CUIN,7361,Master Reading Teacher,Hale,Margaret Ann,8,2,0,0,0,0,0,80
Spring 2021,PHIL,1334,Minds and Machines,Weisberg,Joshua,28,44,2,0,0,26,4,28
Spring 2021,HLT,3301,Health Behavior Theories,Fedor Amador,Theresa Marie,34,20,6,0,0,5,0,52
Spring 2021,GENB,7303,Prof Accounting Communication,Newman,Michael Ray,18,6,0,0,0,2,0,69
Spring 2021,THEA,2321,Acting IV,Kershaw,Philip Brian,8,0,0,0,0,1,0,89
Spring 2021,TEPM,6395,Integration Project,Hopkins,Ronald K.,6,1,0,0,0,0,0,86
Spring 2021,CHEM,1112,Fundamentals of Chm Lab,Zaitsev,Vladimir G,7,4,1,0,0,4,2,44
Spring 2021,MATH,8399,Doctoral Dissertation,Ru,Min,1,0,0,0,0,0,0,100
Spring 2021,HIST,1378,The U S Since 1877,Theriot,Jason,32,11,0,0,0,3,2,70
Spring 2021,ACCT,6331,Financial Accounting,Li,Bin,7,6,0,0,0,2,0,47
Spring 2021,AAMS,2300,Intro Asian American Studies,Nguyen,An,3,4,0,0,0,1,0,38
Spring 2021,HON,4130,E-Portfolio,Bettinger,Rikki,13,0,0,0,0,1,0,93
Spring 2021,LAW,5329,Judicial Externship II,Powers,William,0,0,0,0,0,1,0,0
Spring 2021,MECE,2334,Thermodynamics,Love,Holley Carole,6,13,1,0,0,5,2,24
Spring 2021,CHEE,3369,Chemical Engr Transport Proc,Bollini,Praveen P,18,30,1,0,0,10,0,31
Spring 2021,CHEM,1112,Fundamentals of Chm Lab,Zaitsev,Vladimir G,5,6,0,0,0,5,2,31
Spring 2021,ART,3397,Sel Tops in Fine Arts,McCormick,Kelly,4,4,0,0,0,1,0,44
Spring 2021,COMM,4383,Documentary Filmmaking,Hamzah,Sahar Riyad,16,0,0,0,0,0,0,100
Spring 2021,HDFS,2317,Human Dev and Interventions,Dunsmore,Julie C,23,9,0,0,0,7,3,59
Spring 2021,PHAR,4200,Immunology I,Knoll,Brian J,4,12,7,0,0,0,0,17
Spring 2021,ARCH,3501,Architecture Design Studio VI,Homeyer,Paul George,2,3,0,0,0,0,0,40
Spring 2021,LAW,5328,Judicial Externship I,Powers,William,0,0,0,0,0,6,0,0
Spring 2021,ECON,7380,Macro Modeling & Forecasting,Papell,David H,4,0,0,0,0,0,0,100
Spring 2021,MUSA,3400,Applied Voice,Clayton Vasquez,Cynthia L,2,0,0,0,0,0,0,100
Spring 2021,SOCW,7334,Dynamics of Leadership in SW,Lucas,Virginia,1,0,0,0,0,0,0,100
Spring 2021,IDNS,2197,Top-Natrl Sci & Mth,Ogletree-Hughes,Monique L,21,0,0,0,0,2,0,91
Spring 2021,MATH,8699,Doctoral Dissertation,Josic,Kresimir,1,0,0,0,0,0,0,100
Spring 2021,MECE,4399,Senior Honors Thesis,Yang,Di,1,0,0,0,0,0,0,100
Spring 2021,ART,4333,Senior Graphic Design Major II,Kim,Yoonkyung,1,1,0,0,0,0,0,50
Spring 2021,FREN,6397,Topics-Fre Lit Lang Cul,Giacchetti,Claudine A,3,0,0,0,0,0,0,100
Spring 2021,ENGL,1304,First Year Writing II,Campese,Kathleen Ann,4,4,0,0,0,7,2,27
Spring 2021,THEA,2321,Acting IV,Kershaw,Philip Brian,1,0,0,0,0,0,0,100
Spring 2021,MUSA,8242,Doctoral Recital III,Morgulis,Tali,0,0,0,0,0,0,0,
Spring 2021,ECE,8198,Doctoral Research,Chen,Jinghong,0,0,0,0,0,1,0,0
Spring 2021,MATH,5386,Regression & Linear Models,Morgan,Jeffrey,5,1,0,0,0,0,0,83
Spring 2021,ECE,8399,Doctoral Dissertation,Litvinov,Dmitri,1,0,0,0,0,0,0,100
Spring 2021,IART,3395,Sel Topics in Interdis Arts,Conrad,Jillian,1,0,0,0,0,0,0,100
Spring 2021,HON,2101,The Human Situation:Modernity,Cremins,Robert Paul,0,0,0,0,0,2,0,0
Spring 2021,PETR,6364,Origin & Dev Oil & Gas Resvrs,Kabir,Chowdhury Shahjahan,4,2,0,0,0,0,1,67
Spring 2021,PSYC,6398,Independent Studies,Bick,Johanna R,0,0,0,0,0,1,0,0
Spring 2021,GEOL,8698,Doctoral Research,Wang,Yuxuan,0,0,0,0,0,2,0,0
Spring 2021,MUSA,1300,Applied Voice,Evans,Joseph,1,0,0,0,0,0,0,100
Spring 2021,ENGL,8399,Doctoral Dissertation,Flynn,Nicholas,1,0,0,0,0,0,0,100
Spring 2021,COSC,4399,Senior Honors Thesis,Cheng,Albert M K,1,0,0,0,0,0,0,100
Spring 2021,GEOL,7399,Masters Thesis,Li,Aibing,0,0,0,0,0,2,0,0
Spring 2021,ECE,6352,Antenna Engineering,Long,Stuart A,2,3,0,0,0,0,0,40
Spring 2021,INDE,8398,Doctoral Research,Lin PhD,Ying,0,0,0,0,0,1,0,0
Spring 2021,LAW,5299,Special Problems,Alderman,Richard M,0,0,0,0,0,2,0,0
Spring 2021,COSC,4398,Independent Study,Bering,Edgar A,1,0,0,0,0,0,0,100
Spring 2021,PETR,8398,Doctoral Research,Myers,Michael Tolbert,0,0,0,0,0,1,0,0
Spring 2021,COMD,7399,Masters Thesis,Maher,Lynn M,0,0,0,0,0,0,0,
Spring 2021,MUSA,6430,Applied Flute,Dorough,Aralee,1,0,0,0,0,0,0,100
Spring 2021,PHAR,5681,Infectious Diseases,Sofjan,Amelia Kartikasari,2,0,0,0,0,0,0,100
Spring 2021,SPEC,6390,Supervised Exper in Spec Educ,Hassett,Kristen Spring,0,0,0,0,0,2,0,0
Spring 2021,CIVE,8598,Doctoral Research,Rifai,Hanadi S,0,0,0,0,0,2,0,0
Spring 2021,HIST,3393,Sel Top:Middle Eastern History,Ari,Nisa,0,1,0,0,0,0,0,0
Spring 2021,BIOL,8998,Doctoral Research,Peng,Weiyi,0,0,0,0,0,1,0,0
Spring 2021,MUSA,3420,Applied Violin,Torgul,Ertan,1,0,0,0,0,0,0,100
Spring 2021,SPAN,8699,Dissertation,Fairclough,Marta A,0,0,0,0,0,1,0,0
Spring 2021,MUSI,6198,Research in Chamber Music,Bertman,David Garry,1,0,0,0,0,0,0,100
Spring 2021,HRMA,6599,Thesis I,DeFranco,Agnes L,0,0,0,0,0,0,0,
Spring 2021,PSYC,8699,Doctoral Dissertation,Damian,Rodica Ioana,0,0,0,0,0,1,0,0
Spring 2021,PHOP,6667,Research Practicum A,Coulson-Thomas,Vivien J,1,0,0,0,0,0,0,100
Spring 2021,PCOL,6398,Special Problems,Hussain,Tahir,0,0,0,0,0,1,0,0
Spring 2021,PHYS,4396,Senior Research Project,Cherdack,Daniel David,1,0,0,0,0,0,0,100
Spring 2021,PETR,6399,Masters Thesis,Wong,George K,0,0,0,0,0,1,0,0
Spring 2021,COMD,8397,Selected Topics in COMD,Johnson,Kia,1,0,0,0,0,0,0,100
Spring 2021,BIOL,6498,Special Problems,Dryer,Stuart E,0,0,0,0,0,1,0,0
Spring 2021,CUIN,8375,Theory/Pract of Educ Prgm Eval,Cooper,Jane McIntosh,23,0,0,0,0,0,0,100
Spring 2021,CHEM,1112,Fundamentals of Chm Lab,Zaitsev,Vladimir G,5,7,1,0,0,5,1,28
Spring 2021,ELED,4320,Social Studies Ele Sch,Ford,Haley Michelle Grimland,27,8,0,0,0,1,0,75
Spring 2021,BIOL,4397,Selected Topics in Biology,Wayne,Chad M,25,7,0,0,0,0,0,78
Spring 2021,MUSA,1350,Applied Percussion,Warren,Paul Alexander,1,0,0,0,0,0,0,100
Spring 2021,ANTH,2302,Intro To Cultural Anth,Gordon,Andrew J,84,4,1,0,0,4,4,90
Spring 2021,COSC,6364,Adv Numerical Analysis,Tsekos,Nikolaos V,21,0,0,0,0,0,0,100
Spring 2021,HON,2101,The Human Situation:Modernity,Lamson,Brandon Dean,11,3,0,0,0,4,0,61
Spring 2021,PHIL,3395,Selected Topics in Phil,Zaretsky,Robert D,4,2,0,0,0,1,1,57
Spring 2021,ECON,3344,History of Economic Doctrine,Clarke,Christopher Arthur,11,7,0,0,0,6,1,46
Spring 2021,HON,2101,The Human Situation:Modernity,Charara,Hayan S,2,0,0,0,0,0,0,100
Spring 2021,COSC,6346,Security Analytics,Verma,Rakesh M,5,1,0,0,0,4,0,50
Spring 2021,ARTH,6394,Sel Top in Art History,Ari,Nisa,2,0,0,0,0,0,0,100
Spring 2021,CLAS,3307,Greek & Roman Myths of Heroes,Barnes,Michael,25,0,0,0,0,0,0,100
Spring 2021,PCOL,7181,Pharmacology Seminar,McConnell,Bradley K,0,0,0,0,0,5,0,0
Spring 2021,BIOL,6223,Animal Models of Human Disease,Chung,Sang-Hyuk,7,1,0,0,0,0,0,88
Spring 2021,ENGI,1331,Computing for Engineers,Kowal,Marsha Christine,21,7,1,0,0,1,1,70
Spring 2021,PCOL,6345,Drug Design and Discovery,Cuny,Gregory D,8,2,0,0,0,0,0,80
Spring 2021,SPEC,4364,Gifted & Talented Instruction,Sanders,Jennifer Leigh,16,7,0,0,0,2,3,64
Spring 2021,IDNS,1142,Chemistry II SEP Workshop,Pattison,Donna,8,2,0,0,0,9,0,42
Spring 2021,ACCT,2301,Prin of Financial Accounting,Serrato,Darlene Marie  Bohac,18,10,1,0,0,10,1,46
Spring 2021,ACCT,2302,Prin of Managerial Accounting,Weber,Catherine K,29,32,6,0,0,20,0,33
Spring 2021,MARK,7393,Business Consulting Lab I,Randazzo,Gary W,6,0,0,0,0,0,0,100
Spring 2021,MATH,1431,Calculus I,Douglas,Casey,28,45,2,1,0,51,10,22
Spring 2021,POLC,6317,Public Policy Capstone,Pinto,Pablo M,20,0,0,0,0,0,0,100
Spring 2021,SOCW,7318,Cognitive Behavioral Interven,Parks,Steven Lee,24,0,0,0,0,0,0,100
Spring 2021,ENGL,1304,First Year Writing II,Tompkins,Daniel,4,6,0,0,0,6,1,25
Spring 2021,ELET,2103,Digital Systems Laboratory,Gallardo,Victor Jaime,12,4,0,0,0,5,1,57
Spring 2021,CORE,1101,College Success,Banjeglav,Tatjana,21,3,0,0,0,0,1,88
Spring 2021,ELCS,8699,Doctoral Dissertation,Horn,Catherine Lynn,0,0,0,0,0,2,0,0
Spring 2021,CHEM,1332,Fundamentals of Chemistry,Carrasquillo M,Edwin,17,30,8,0,0,66,23,14
Spring 2021,ART,3313,Silkscreen,Masterson,Patrick D,7,0,0,0,0,0,0,100
Spring 2021,ART,1397,Sel Topic Fund Studio Art,Crawford,Kyla Marie,8,0,0,0,0,0,0,100
Spring 2021,ACCT,2301,Prin of Financial Accounting,Serrato,Darlene Marie  Bohac,13,13,1,0,0,16,1,30
Spring 2021,PHAR,5681,Infectious Diseases,Truong,Mabel,15,3,0,0,1,0,0,79
Spring 2021,LAW,5386,Trial Advocacy,Zimmer,Sepinood,9,11,0,0,0,2,0,41
Spring 2021,MARK,4376,Sales CRM,Herman,Carl,19,1,0,0,0,2,0,86
Spring 2021,ENGL,1304,First Year Writing II,Swensen,Russel,6,3,0,0,0,6,1,40
Spring 2021,COMD,5343,Aural Rehabilitation for SLPA,Ermgodts,Katherine Natalie,22,8,0,0,0,1,0,71
Spring 2021,HIST,4375,The Atlantic World Since 1450,McNally,David Joseph,4,8,1,0,0,0,0,31
Spring 2021,ENGI,1331,Computing for Engineers,Burleson,Daniel W,8,7,2,0,0,31,6,17
Spring 2021,WCL,3373,Gender and Sexuality in Film,James,Conrad Michael,23,5,0,0,0,1,0,79
Spring 2021,CHEM,3332,Fund of Organic Chemistry II,Comito,Robert Joseph,5,5,4,0,0,24,5,13
Spring 2021,MARK,4367,Advertising and Promotion Mgt,Noriega,Jaime L,26,8,1,0,0,10,1,58
Spring 2021,CHEM,3221,Fund of Organic Chem. Lab I,Bean,Mary B,12,9,0,0,0,2,1,52
Spring 2021,HON,3302,Readings in Public Health,Lunstroth,John,16,0,0,0,0,0,2,100
Spring 2021,BIOL,1162,Intro To Biol Science Lab 2,Medrano,Ana I,15,2,0,0,0,4,1,71
Spring 2021,CHEM,1111,Fundamentals of Chm Lab,Zaitsev,Vladimir G,3,4,1,0,0,3,0,27
Spring 2021,PHIL,1361,Philosophy and the Arts,Drapela,Nick Gerard,12,11,2,0,0,15,3,30
Spring 2021,FINA,   7A10,Interm Corp Finance: Valuation,Povel,Paul,23,6,0,0,0,3,0,72
Spring 2021,PHYS,1101,General Physics Laboratory I,Wood,Lowell T,5,12,1,0,0,2,1,25
Spring 2021,THEA,1331,Introduction To Theatre,Egging,Jon Leo,3,2,0,0,0,2,2,43
Spring 2021,ACCT,3377,Cost Accounting,Katuri,Sai Harsha,20,23,0,0,0,4,3,43
Spring 2021,LAW,5386,Trial Advocacy,Bivens,Zenobia Harris,9,11,0,0,0,2,0,41
Spring 2021,MARK,3336,Introduction to Marketing,Koch,Steven F.,54,41,8,0,0,49,2,36
Spring 2021,COSC,8398,Doctoral Research,Laszka,Aron,0,0,0,0,0,4,0,0
Spring 2021,COMM,2310,Writing for Print and Digital,Radcliffe Andre,Jennifer,12,8,1,0,0,1,0,55
Spring 2021,CHEE,3334,Stat/Num Tchqs for Chem Engrs,Grabow,Lars C,13,7,0,0,0,16,0,36
Spring 2021,HDCS,3300,Org Decisions,Stewart,Quentin K,41,13,1,0,0,10,0,63
Spring 2021,HRMA,6340,Behavior and Hosp. Lead. Strat,Guchait,Priyanko,11,0,0,0,0,0,0,100
Spring 2021,ECON,6340,Health Economics,Zhivan,Natalia A.,3,2,0,0,0,3,0,38
Spring 2021,PEP,8999,Doctoral Dissertation,O'Connor,Daniel Patrick,0,0,0,0,0,1,0,0
Spring 2021,GENB,5303,Prof Acct Communication,Newman,Michael Ray,2,3,0,0,0,0,0,40
Spring 2021,ENGL,2305,Intro To Fiction,Backus,Margot Gayle,6,1,1,0,0,6,2,43
Spring 2021,COSC,4397,Sel Top-Computer Science,Yun,Changhoon,19,1,0,0,0,0,1,95
Spring 2021,ART,3300,Intermediate Drawing,Stern,Lindsey Rose,17,3,0,0,0,0,0,85
Spring 2021,HIST,3394,Sel Tops-Us History,Harwell,Debbie Z,9,0,0,0,0,1,0,90
Spring 2021,SCM,4301,Logistics Management,Tibodeau,Dale,55,40,2,0,0,15,0,49
Spring 2021,MUSA,4400,Applied Voice,Averyt,Zachary Benjamin,1,3,0,0,0,0,0,25
Spring 2021,ECE,8598,Doctoral Research,Fu,Xin,0,0,0,0,0,3,0,0
Spring 2021,WCL,3372,Indian Film:Bollywood & Beyond,Tiwari,Bhavya,4,3,0,0,0,1,0,50
Spring 2021,MUED,3104,Strings,Hansen,Erin Melissa,4,1,0,0,0,3,0,50
Spring 2021,POLS,1336,US and Texas Const/Politics,Marcinek,Elizabeth Nicole Simas,86,45,3,0,0,13,5,59
Spring 2021,ACCT,4331,Federal Income Tax-Individual,Small,R. Christopher,21,6,0,0,0,13,3,53
Spring 2021,ART,4373,Sr Photo/Digital Media Maj II,Anderson-Staley,Keliy,7,1,0,0,0,0,0,88
Spring 2021,ART,3374,Computer Imaging,O'Hare,Matt B,15,0,0,0,0,3,0,83
Spring 2021,PCOL,8998,Doctoral Research,Hussain,Tahir,0,0,0,0,0,1,0,0
Spring 2021,COSC,6398,Special Problems,Cheng,Albert M K,0,0,0,0,0,1,0,0
Spring 2021,GEOL,7399,Masters Thesis,Wang,Guoquan,1,0,0,0,0,2,0,33
Spring 2021,COMM,3360,Strategic Comm. Principles,Thorp,Charles Arthur,12,1,0,0,0,2,0,80
Spring 2021,PCEU,8298,Doctoral Research,Chow,Diana Shu-Lian,0,0,0,0,0,1,0,0
Spring 2021,ART,4302,Senior Painting Major I,Frankfort,Dana M,4,1,0,0,0,0,0,80
Spring 2021,LAW,6226,Advanced Oil & Gas Contracting,Borrego,Theodore R,3,2,0,0,0,0,0,60
Spring 2021,ENGL,7396,Topics in Language & Literatre,Hogue,W Lawrence,6,1,0,0,0,0,0,86
Spring 2021,IRW,1300,Integrated Reading and Writing,Wilson,Maurice,0,0,0,0,0,5,0,0
Spring 2021,MUSA,3436,Applied Bassoon,Wagner,Elise L,2,0,0,0,0,0,0,100
Spring 2021,PSYC,6359,Directed Rsch in Clinical Psyc,Zvolensky,Michael J,2,0,0,0,0,0,0,100
Spring 2021,MUSA,4430,Applied Flute,Suhr,Melissa D,1,0,0,0,0,0,0,100
Spring 2021,MECE,8298,Doctoral Research,Chen,Zheng,0,0,0,0,0,1,0,0
Spring 2021,BIOE,3140,Quantitative Physiology Lab,Roh,Jinsook,3,3,0,0,0,0,0,50
Spring 2021,ECE,8398,Doctoral Research,Krishnamoorthy,Harish Sarma,0,0,0,0,0,5,0,0
Spring 2021,HIST,6394,Res Seminar in US History,Ramos,Raul,3,0,0,0,0,0,0,100
Spring 2021,MUSA,1334,Applied Clarinet,Rowell,Chester D,3,0,0,0,0,0,0,100
Spring 2021,GEOL,7398,Masters Research,Curry,Magdalena Alyssa Ellis,0,0,0,0,0,1,0,0
Spring 2021,INDE,6398,Research,Lim,Gino Jinho,0,0,0,0,0,3,0,0
Spring 2021,COSC,8398,Doctoral Research,Eick,Christoph F,0,0,0,0,0,1,0,0
Spring 2021,PCOL,6498,Special Problems,Cuny,Gregory D,0,0,0,0,0,1,0,0
Spring 2021,ECON,7390,Research & Readings - Economic,Friedman,Willa H,1,0,0,0,0,0,0,100
Spring 2021,ENGL,4398,Independent Study,Flynn,Nicholas,1,0,0,0,0,0,0,100
Spring 2021,MUSA,4410,Applied Piano,Morgulis,Tali,2,0,0,0,0,0,0,100
Spring 2021,SPAN,6398,Special Problems,Fairclough,Marta A,0,0,0,0,0,0,0,
Spring 2021,COSC,8998,Doctoral Research,Solorio Martinez,Thamar Ivette,0,0,0,0,0,1,0,0
Spring 2021,COMD,7391,Clinic in Speech Lang Disorder,Townsend,Alayna,2,0,0,0,0,0,0,100
Spring 2021,CHEM,8998,Doctoral Research,Cai,Chengzhi,0,0,0,0,0,0,0,
Spring 2021,HIST,8999,Doctoral Dissertation,Clavin,Matthew J,0,0,0,0,0,1,0,0
Spring 2021,MECE,8298,Doctoral Research,Baxevanis,Theocharis,0,0,0,0,0,1,0,0
Spring 2021,BCHS,6498,Special Problems,Schwartz,Robert J,0,0,0,0,0,1,0,0
Spring 2021,PSYC,6598,Special Problems,Derrick,Jaye L,1,0,0,0,0,0,0,100
Spring 2021,MUSA,8240,Doctoral Recital I,Dorough,Aralee,1,0,0,0,0,0,0,100
Spring 2021,BIOE,8598,Doctoral Research,Majd,Sheereen,0,0,0,0,0,1,0,0
Spring 2021,ECE,8298,Doctoral Research,Chen,Yuhua,0,0,0,0,0,1,0,0
Spring 2021,MARK,7332,Social Media Marketing,Zahn,William J,27,3,0,0,0,0,0,90
Spring 2021,ENGL,8698,Graduate Research,Connolly,Sally,0,0,0,0,0,2,0,0
Spring 2021,ACCT,3367,Intermediate Accounting I,Kilic,Emre,7,5,1,0,0,23,9,19
Spring 2021,CHEM,1112,Fundamentals of Chm Lab,Zaitsev,Vladimir G,6,4,1,0,0,5,3,38
Spring 2021,HRD,6304,Research in Human Resource Dev,Greer,Tomika,20,6,0,0,0,3,0,69
Spring 2021,HRMA,6380,Business Analytics,Lee,Minwoo,18,1,0,0,0,0,0,95
Spring 2021,CNST,1330,Graphics I,Lyon,Eva Yaneth,18,3,3,0,0,6,1,60
Spring 2021,LAW,6326,Diplomacy for Oil and Gas,Cardenas Garcia,Julian Jose,3,2,0,0,0,1,0,50
Spring 2021,TLIM,3363,Technical Communications,Piercy,Penelope Junker,19,10,0,0,0,8,0,51
Spring 2021,INDS,3265,Design Research Methods II,Wells,Adam C,8,13,0,0,0,0,0,38
Spring 2021,ENGL,1304,First Year Writing II,Bose,Godhuly,16,1,0,0,0,2,0,84
Spring 2021,ENGL,1304,First Year Writing II,Woleslagle,Julieta Margarita,2,1,1,0,0,3,2,29
Spring 2021,MATH,8698,Doctoral Research,Ru,Min,0,0,0,0,0,1,0,0
Spring 2021,MECE,8399,Doctoral Dissertation,Baxevanis,Theocharis,0,0,0,0,0,2,0,0
Spring 2021,MATH,1330,Precalculus,Perepelitsa,Irina,63,24,2,0,0,22,11,57
Spring 2021,HRD,6355,Designing OD Interventions,Chapman PhD,Robert Bennett,7,2,0,0,0,0,0,78
Spring 2021,HDCS,1300,Human Ecosystems & Tech Change,Ortiz,Jaime,20,17,5,0,0,9,2,39
Spring 2021,BIOL,1144,Hum Anat Physiol Lab II,Gill,Tejendra,11,10,0,0,0,2,0,48
Spring 2021,ECON,7344,Macroeconomic Theory II,Cubas Norando,German,3,3,0,0,0,0,0,50
Spring 2021,FINA,   7A30,Advanced Corporate Finance,Povel,Paul,25,11,0,0,0,3,0,64
Spring 2021,WCL,2370,Cultures of India,Tiwari,Bhavya,5,5,3,0,0,3,1,31
Spring 2021,KIN,4370,Exercise Testing,Markofski,Melissa,74,57,8,0,0,21,0,46
Spring 2021,MIS,4378,Admin of Computer-Based MIS,Porra,Jaana,41,0,0,0,0,0,0,100
Spring 2021,MUSI,1140,Orchestra,Krager,Franz A,12,2,0,0,0,2,0,75
Spring 2021,AAS,3354,AF Nation'st Thought Ethics/US,Thompson,Kevin Bernard,20,0,0,0,0,0,0,100
Spring 2021,PHYS,1121,University Phys Laboratory I,Wood,Lowell T,3,9,1,0,0,4,1,18
Spring 2021,MARK,4339,Marketing Analytics,Wang,Yu,13,20,0,0,0,4,2,35
Spring 2021,MANA,4331,Current Issues Human Res Mgmt,Walker,William A,14,4,2,0,0,3,0,61
Spring 2021,LAW,5405,Immigration Clinic,Hoffman,Geoffrey A,2,6,0,0,0,0,0,25
Spring 2021,CIVE,7336,Finite Element Methods,Nakshatrala,Kalyana,13,6,0,0,0,0,2,68
Spring 2021,PSYC,7305,Structural Equations,Mehta,Paras D,6,5,0,0,0,0,0,55
Spring 2021,MUED,3101,Woodwinds,Bertman,David Garry,10,0,0,0,0,0,0,100
Spring 2021,POLS,3312,"Arguments, Data, Politics",Tedin,Kent L,4,8,0,0,0,7,9,21
Spring 2021,ART,6396,Sel Topics in Fine Arts Media,Giampietro,Francis A,1,0,0,0,0,0,0,100
Spring 2021,CHEM,1111,Fundamentals of Chm Lab,Zaitsev,Vladimir G,7,8,0,0,0,1,2,44
Spring 2021,PHLS,6312,Crisis Counseling,Lee,Jungeun,23,1,0,0,0,1,0,92
Spring 2021,CUIN,7340,Issues in Math Education,Weiland,Travis,11,3,0,0,0,1,0,73
Spring 2021,HON,2341,Classics of Modernity,Ferguson,Jamie H,131,60,0,0,0,31,0,59
Spring 2021,ART,1372,Fundamentals of Video Art,Almendarez,Francis B.,9,5,1,0,0,1,1,56
Spring 2021,NUTR,3330,Mgmt in Food & Nutr Systems,Haubrick,Kevin,14,6,1,0,0,4,0,56
Spring 2021,BIOL,3397,Selected Topics in Biology,Sirrieh,Rita Evelyn,19,1,1,0,0,2,0,83
Spring 2021,ACCT,2301,Prin of Financial Accounting,Goble,Samuel,13,12,3,0,0,17,5,29
Spring 2021,ART,1301,Fundamentls of Drawing,Parks,Sydney Mae,12,4,0,0,0,1,1,71
Spring 2021,PSYC,3310,Indstrl-Orgnztnl Psy,Spitzmuller,Christiane,29,9,0,0,0,1,1,74
Spring 2021,ELED,7315,Literature for Children,Winton,Stephen Joel,10,2,0,0,0,0,0,83
Spring 2021,CNST,4220,Comp CM & Emerging Practices,Coble,Lana Kay,18,1,0,0,0,4,0,78
Spring 2021,LAW,5297,Selected Topics,Benskin,Krisa Renee,3,1,1,0,0,2,1,43
Spring 2021,ENGL,1304,First Year Writing II,Jones,Philip R,13,5,0,0,0,4,3,59
Spring 2021,OPTO,6312,Optics IV,Ritchey,Eric R,72,28,0,0,0,1,0,71
Spring 2021,LACP,2111,Liberal Arts Career Planning,Espinosa,Adalia,0,0,0,0,0,19,0,0
Spring 2021,ART,1360,Fundamentals of Sculpture,Majithia,Maria Jacinta,14,0,0,0,0,0,0,100
Spring 2021,BIOE,6300,Mathematical Methods in BME,May,Elebeoba E,36,9,0,0,0,4,0,73
Spring 2021,BIOL,1162,Intro To Biol Science Lab 2,Medrano,Ana I,20,1,1,0,0,1,0,87
Spring 2021,POLS,3316,Stats for Political Scientists,Kennedy,Ryan P,16,3,1,0,0,1,2,76
Spring 2021,PHIL,6395,Seminar Philos Problems,Oliveira,Luis RG,9,0,0,0,0,0,0,100
Spring 2021,SOCW,8327,Grant Writing,Gearing,Robin Edward,6,1,0,0,0,0,0,86
Spring 2021,BTEC,4350,Biotech Capstone Experience,Iken,Brian N,41,2,0,0,0,0,1,95
Spring 2021,ARCH,4321,Design of Construction Details,Story,Jon Kevin,5,14,1,0,0,5,0,20
Spring 2021,HIST,1377,The U S To 1877,Wilson,Ezell Lamont,33,20,3,0,0,22,6,42
Spring 2021,MAS,3343,Latino Psychology,Pino,Diana,9,11,3,0,0,12,1,26
Spring 2021,SOCW,7301,Confronting Oppression & Injus,Brown,Aabha,13,0,0,0,0,1,0,93
Spring 2021,ACCT,2302,Prin of Managerial Accounting,Parthasarathy,Kiran M,42,27,1,0,0,16,0,49
Spring 2021,PHYS,1322,University Physics II,Morrison,Gregory C,2,2,0,0,0,15,1,11
Spring 2021,IDNS,2197,Top-Natrl Sci & Mth,Stokes,Donna,21,0,0,0,0,2,0,91
Spring 2021,DIGM,1350,Graphics for Digital Media,De Vega,Jaime M,9,10,0,0,0,5,1,38
Spring 2021,ANTH,4394,Selected Topics in Ant,Bytheway,Joan A,3,3,0,0,0,2,0,38
Spring 2021,DIGM,3353,Visual Communications Tech,Dozier,Devin K,19,5,0,0,0,3,4,70
Spring 2021,BIOL,4399,Senior Honors Thesis,Lekven,Arne,2,0,0,0,0,0,0,100
Spring 2021,PHAR,5663,Pharmacy Management,Truong,Mabel,4,0,0,0,0,0,0,100
Spring 2021,HLT,3301,Health Behavior Theories,Drenner,Kelli Linn,27,15,0,0,0,5,1,57
Spring 2021,PHYS,1101,General Physics Laboratory I,Wood,Lowell T,5,6,3,0,0,10,0,21
Spring 2021,POLS,3322,Intro Latin-Am Politics,Aleman,Eduardo,22,5,2,0,0,14,0,51
Spring 2021,HON,3305,Medicine in Performance,Lambeth,Laurie Regine Clements,16,1,0,0,0,2,0,84
Spring 2021,CHEE,6332,Math Methods in Chem Engr II,Balakotaiah,Vemuri,18,0,0,0,0,0,0,100
Spring 2021,ENGL,1304,First Year Writing II,Chatham,Donna Marie,3,2,0,0,0,2,1,43
Spring 2021,LAW,5420,Civil Practice Clinic I,Heppard,Janet M,3,4,0,0,0,0,0,43
Spring 2021,ENGL,3396,Selected Topics,Monroe,William F,5,0,0,0,0,1,0,83
Spring 2021,PHCA,6198,Special Problems,Varkey,Divya A,6,0,0,0,0,0,0,100
Spring 2021,MUSA,2202,Applied Composition,Maroney,Marcus K,0,1,0,0,0,1,0,0
Spring 2021,EDUC,4324,Student Teaching Tech Middle,Thompson,Amber M,24,0,0,0,0,0,0,100
Spring 2021,HIST,3394,Sel Tops-Us History,Clavin,Matthew J,4,3,0,0,2,0,1,44
Spring 2021,MUSA,1332,Applied Oboe,Fischer,Jonathan,1,0,0,0,0,0,0,100
Spring 2021,FINA,4352,Fin Planning for Professionals,Lopez,John C,0,1,0,0,0,3,1,0
Spring 2021,PUBL,6350,Public Management,Thurmond,James H,4,2,0,0,0,0,1,67
Spring 2021,PHOP,6371,Experimental Design in VS,Burns,Alan R,1,0,0,0,0,0,0,100
Spring 2021,PETR,3372,Petroleum Production Operation,Wong,George K,2,0,0,0,0,2,0,50
Spring 2021,BIOL,6311,Genomic Data Analysis,Meisel,Richard P,13,1,0,0,0,0,0,93
Spring 2021,PHAR,5642,Emergency Medicine,Truong,Mabel,6,3,0,0,0,0,0,67
Spring 2021,MECE,8598,Doctoral Research,Joshi,Shailendra Pramod,0,0,0,0,0,2,0,0
Spring 2021,MANA,4310,Behavioral Finance,Rude,Dale,2,1,0,0,0,0,0,67
Spring 2021,ART,6394,Sel Tops in Contemporary Art,Reed,John G,2,0,0,0,0,0,0,100
Spring 2021,PHLS,6335,Intro To Grp Couns Thry,Whitaker,Rachael Gwin,8,0,0,0,0,0,0,100
Spring 2021,ECE,8399,Doctoral Dissertation,Li,Xingpeng,1,0,0,0,0,0,0,100
Spring 2021,CHEM,6998,Special Problems,Wu,Judy,0,0,0,0,0,1,0,0
Spring 2021,PHYS,3309,Intermediate Mechanics,Meier,Mark Albert,1,2,0,0,0,0,0,33
Spring 2021,POLS,8999,Doctoral Dissertation,Marinov,Nikolay,0,0,0,0,0,3,0,0
Spring 2021,ENGL,8398,Graduate English Resrch,Parsons,Alexander M,0,0,0,0,0,1,0,0
Spring 2021,COSC,8998,Doctoral Research,Pavlidis,Ioannis T,0,0,0,0,0,2,0,0
Spring 2021,MECE,8398,Doctoral Research,Chen,Zheng,0,0,0,0,0,4,0,0
Spring 2021,MUSA,1340,Applied Trumpet,Hughes,Mark Alan,2,0,0,0,0,0,0,100
Spring 2021,MUSI,4397,Selected Topics in Music,Hausmann,Charles S,1,0,0,0,0,0,0,100
Spring 2021,CUIN,8397,Selected Topics in C&I,Wong,Sissy S,1,0,0,0,0,0,0,100
Spring 2021,CIVE,8399,Doctoral Dissertation,Nakshatrala,Kalyana,1,0,0,0,0,0,0,100
Spring 2021,COSC,8998,Doctoral Research,Ordonez,Carlos,0,0,0,0,0,1,0,0
Spring 2021,PHOP,6757,Research Practicum B,Patel,Nimesh Bhikhu,0,1,0,0,0,0,0,0
Spring 2021,ACCT,8699,Doctoral Dissertation,Lobo,Gerald,1,0,0,0,0,0,0,100
Spring 2021,GENB,5304,Business Ethics for Accountant,Spartalis,Emmanuel Michael,4,1,0,0,0,0,0,80
Spring 2021,ELCS,8699,Doctoral Dissertation,Gonzalez,Elsa,1,0,0,0,0,0,0,100
Spring 2021,PHOP,6257,Research Practicum B,Bergmanson,Jan Pg,1,0,0,0,0,0,0,100
Spring 2021,INDE,8699,Doctoral Dissertation,Lee,Tae Woo,0,0,0,0,0,1,0,0
Spring 2021,CHEE,8198,Doctoral Research,Harold,Michael P,0,0,0,0,0,1,0,0
Spring 2021,POLC,6331,Philosophy and Pub Policy II,Engster,Daniel A,1,0,0,0,0,0,0,100
Spring 2021,MUSI,6114,Chamber Music - Brass,Bertman,David Garry,1,0,0,0,0,0,0,100
Spring 2021,MECE,8398,Doctoral Research,Agrawal,Ashutosh,0,0,0,0,0,1,0,0
Spring 2021,MUSA,6143,Graduate Recital IV,Clayton Vasquez,Cynthia L,1,0,0,0,0,0,0,100
Spring 2021,NAVY,4301,Naval Weapons- Ship Systems II,Leonard,Kyle M,1,0,0,0,0,0,0,100
Spring 2021,GEOL,8698,Doctoral Research,Wu,Jonathan En Lin,0,0,0,0,0,1,0,0
Spring 2021,PHLS,8399,Doctoral Dissertation,Arbona,Consuelo,0,0,0,0,0,1,0,0
Spring 2021,LAW,5222,Intro to the Law of Mexico,Pinto-Leon,Ignacio,0,1,0,0,0,2,0,0
Spring 2021,MIS,4374,Info Technology Project Mgmt,Scott,Carl P,16,13,0,0,0,11,0,40
Spring 2021,THEA,6303,Scenic Structures,Jackson,Nicholas Fredrick,1,0,0,0,0,0,0,100
Spring 2021,CNST,3265,Construction Layout & Site Dvp,Sikes,Andrew Lonnie,13,20,0,0,0,9,1,31
Spring 2021,CHEM,1331,Fundamentals of Chemistry,Larsen,Russell Gene,26,54,13,0,0,84,27,15
Spring 2021,POLS,3397,Selected Topics in Public Law,Williamson,Jonathan Lyle,10,3,0,0,0,1,1,71
Spring 2021,HRMA,2343,Hospitality Cost Controls,Taylor Jr,Scott T,21,15,3,0,0,13,0,40
Spring 2021,ARTH,4388,Methods of Art History,Nevitt Jr,Hugh R,8,2,0,0,0,1,0,73
Spring 2021,ENGL,3369,Caribbean Literatures,Singh,Kavita Ashana,11,9,0,0,0,2,2,50
Spring 2021,MATH,2311,Intro To Prob & Statistics,Caputo,Matthew G,90,75,8,0,0,74,14,36
Spring 2021,LAW,6369,Legal Analysis and Writing,Horsey,Kandice Lorissa,0,0,0,0,0,7,0,0
Spring 2021,SOCW,7301,Confronting Oppression & Injus,Wilson,Maria Isabel,21,0,0,0,0,0,0,100
Spring 2021,CIS,3343,Info Systems Analysis & Design,Faiyaz,Sajida,13,16,2,0,0,13,4,30
Spring 2021,ENGL,1304,First Year Writing II,Valentine,Amandelin A,16,1,0,0,0,1,0,89
Spring 2021,ART,1383,Introduction to New Media,Reed,John G,11,0,0,0,0,2,1,85
Spring 2021,NURS,4521,Community Health Nursing,McWilliams,Lenora A,4,3,0,0,0,0,0,57
Spring 2021,COMM,3317,Multimedia Journalism,Smith,Camilo Hannibal,9,8,0,0,0,0,3,53
Spring 2021,ACCT,5397,Selected Topics in Accounting,Kuruvilla,Mohan,4,4,0,0,0,3,8,36
Spring 2021,ACCT,7397,Selected Topics in Accounting,Ramey,Dan T,16,0,1,0,0,0,0,94
Spring 2021,LAW,6315,Entrepreneurship,Chase,Anthony Ray,6,9,0,0,0,5,0,30
Spring 2021,LAW,5298,Special Rsch & Writing,Vetter,Greg R,3,0,0,0,0,0,0,100
Spring 2021,PHYS,3309,Intermediate Mechanics,Meier,Mark Albert,3,3,0,0,0,1,0,43
Spring 2021,POLS,4390,Government Internship,Cross,Renee D,26,1,0,0,0,0,0,96
Spring 2021,MATH,3330,Abstract Algebra,Heier,Gordon,11,3,0,0,0,1,1,73
Spring 2021,HRD,6302,Design & Management E-Learning,Rainbolt,Hilary,5,4,0,0,0,5,0,36
Spring 2021,ELET,4208,Senior Project Laboratory,Benhaddou,Driss,38,1,0,0,0,0,0,97
Spring 2021,BUSI,2305,Business Statistics,Patterson,Staci A,10,18,7,0,0,107,46,7
Spring 2021,BCIS,1305,Business Computer Applications,Felvegi,Emese,102,31,5,0,0,35,10,59
Spring 2021,PHYS,1305,Intro Astronomy-Sol Sys,Li,Liming,75,44,0,0,0,26,0,52
Spring 2021,POLS,3367,Campaings and Elections,Cole,Jeffrey Bryan,9,8,0,0,0,5,0,41
Spring 2021,ECE,8398,Doctoral Research,Malki,Heidar A,0,0,0,0,0,1,0,0
Spring 2021,CUIN,8393,Adv Internship & Prac,White,Cameron Scott,1,0,0,0,0,0,0,100
Spring 2021,MECE,6367,Control System Analysis and De,Song,Gangbing,18,12,0,0,0,6,0,50
Spring 2021,PHLS,6314,Helping Relationships,Stulmaker,Hayley Lurie,5,0,0,0,0,0,0,100
Spring 2021,POLS,3326,Gov-Pol the Middle East,Contractor,Cyrus Ali,17,7,0,0,0,5,2,59
Spring 2021,TLIM,4341,Production & Service Operation,Chance,Michael Dean,20,10,4,0,0,6,1,50
Spring 2021,ENGL,3317,The British Novel Before 1832,Mazella,David S,13,6,0,0,0,1,1,65
Spring 2021,SPAN,2301,Intermediate Spanish I,Enriquez Burria,Nuria Montserrat,13,5,0,0,0,4,2,59
Spring 2021,KIN,1304,Public Hlt Issues in Phys/Obes,Graham,Marilynn Hadassah,12,2,0,0,0,3,0,71
Spring 2021,TLIM,4378,Senior Project,Barnwell,Tracy,6,3,0,0,0,1,0,60
Spring 2021,EDUC,4323,Student Teaching: Theater Sec,Cooper,Charles G,8,1,0,0,0,0,0,89
Spring 2021,CHEM,1112,Fundamentals of Chm Lab,Zaitsev,Vladimir G,10,1,0,0,0,6,3,59
Spring 2021,CHEM,1112,Fundamentals of Chm Lab,Zaitsev,Vladimir G,6,4,0,1,0,5,0,38
Spring 2021,ARCH,2501,Architecture Design Studio IV,Robbins,Joshua Daniel,5,9,0,0,0,2,0,31
Spring 2021,CHEE,3367,Process Modeling and Control,Kaspar,Michael,7,10,0,0,0,8,0,28
Spring 2021,BIOL,3301,Genetics,Kelleher Meisel,Erin S,45,71,15,0,0,63,4,23
Spring 2021,CHEM,1111,Fundamentals of Chm Lab,Zaitsev,Vladimir G,7,3,1,0,0,3,1,50
Spring 2021,ELED,4311,Science in Elementary School I,Thompson,Amber M,30,1,0,0,0,4,0,86
Spring 2021,MATH,3339,Statistics for the Sciences,Wang,Wenshuang,78,44,6,0,0,50,6,44
Spring 2021,MUED,3101,Woodwinds,Kubos,Cameron Kade,11,1,0,0,0,1,0,85
Spring 2021,PHYS,1302,Intro General Physics II,Bellwied,Rene,53,66,11,0,0,95,3,24
Spring 2021,ART,3396,Selected Tops Studio Practice,Calderon,Daniel,19,1,0,0,0,2,1,86
Spring 2021,MUSI,1102,Wind Ensemble,Kollar,Jamey Aaron,7,0,0,0,0,0,1,100
Spring 2021,COMD,3396,Selected Topics in Comd,Mills,Monique T,23,1,0,0,0,0,0,96
Spring 2021,ELCS,8311,Lab of Practice-Lit Revw Devel,Kent,Shawn Christopher,4,0,0,0,0,0,0,100
Spring 2021,HRMA,3358,Hospitality Industry Law,Barth,Stephen C,20,12,1,0,0,17,0,40
Spring 2021,CUIN,3347,Reading in the Content Area,Bachmann,Abbey Marie,34,2,0,0,0,2,0,89
Spring 2021,ENGL,3306,Shakespeare-Major Works,Wood,Wendy Sue,12,2,0,0,0,2,1,75
Spring 2021,MATH,3325,Transition to Advanced Math,Bodmann,Bernhard G,9,10,2,0,0,12,3,27
Spring 2021,HON,3306,Health and Human Rights,Valier,Helen K,15,1,0,0,0,0,0,94
Spring 2021,CUIN,3111,Educational Tech Elem Teachers,Nguyen,Phuong Thi Mai,24,3,0,0,0,2,0,83
Spring 2021,ILAS,4350,Interdisciplinary Problem Solv,Smalley,Annie Lynn,24,3,0,0,0,4,1,77
Spring 2021,DIGM,3353,Visual Communications Tech,Bravo,Gina C,28,4,0,0,0,1,0,85
Spring 2021,PHYS,1101,General Physics Laboratory I,Wood,Lowell T,4,11,2,0,0,1,1,22
Spring 2021,SOC,6325,Seminar in Race and Ethnic,Anderson,Kathryn,10,0,0,0,0,1,0,91
Spring 2021,ECON,7365,Labor Economics,Rubinstein,Yona Zvi,18,0,0,0,0,0,0,100
Spring 2021,WGSS,2350,Intro To Women's Studies,Fernandes,Bridget Yvonne Diggs,23,0,0,0,0,3,0,88
Spring 2021,PHAR,5270,Pcon & Hospital Pharmacy Mgmt,Varkey,Divya A,34,5,1,0,0,0,0,85
Spring 2021,DIGM,3152,Graphic Comm Output Lab,Dawson,Michael John,6,0,0,0,0,0,0,100
Spring 2021,LAW,6207,Lawyering Skills & Strategy II,Heard,Whitney W,4,13,0,0,0,0,0,24
Spring 2021,CUIN,4375,Classroom Management,Snead,Lauren Oropeza,33,5,0,0,0,0,0,87
Spring 2021,ENGL,6320,Poetic Forms,Serpas,Martha R,3,1,0,0,0,0,0,75
Spring 2021,HRD,4352,Facilitation Strategies,Owens-Shepard,Toya,25,7,2,0,0,2,1,69
Spring 2021,COMD,3385,Speech Science,Bunta,Ferenc,29,21,0,0,0,3,1,55
Spring 2021,POLS,3354,Law and Society,Tiede,Lydia B,7,4,0,0,0,14,2,28
Spring 2021,IDNS,3121,Engineering Math SEP Workshop,Pattison,Donna,12,2,0,0,0,3,1,71
Spring 2021,MANA,7339,Leadership Development,Witt,Lawrence A,22,0,0,0,0,0,0,100
Spring 2021,THEA,3336,History of the Theatre II,Shimko,Robert B,17,5,0,0,0,0,0,77
Spring 2021,INDE,6370,Operation Research-Digital Sim,Khator,Suresh K,1,1,0,0,0,0,0,50
Spring 2021,ARCH,6398,Special Problems,Froehlich,Dietmar,1,0,0,0,0,0,0,100
Spring 2021,PHAR,5169,Module Related Skills Lab IV,Surati,Dhara Divyang,17,3,0,0,0,0,0,85
Spring 2021,EGRP,1142,Engineering Applications V,Henderson,Jerrod A,0,0,0,0,0,13,0,0
Spring 2021,HLT,4393,Field Work in Com Health,Solari Williams,Kayce D.,3,0,0,0,0,0,0,100
Spring 2021,PHCA,8298,Doctoral Dissertation Research,Abughosh,Susan M,1,0,0,0,0,0,0,100
Spring 2021,ENGL,8398,Graduate English Resrch,Shepley,Nathan,0,0,0,0,0,1,0,0
Spring 2021,ARCH,1501,Arc/Int Arc Design Studio II,Moore,Emily E,8,6,0,0,0,1,1,53
Spring 2021,LAW,5397,Selected Topics,Flatt,Victor B,8,7,0,0,0,0,0,53
Spring 2021,CHEM,6698,Special Problems,Daugulis,Olafs,0,0,0,0,0,1,0,0
Spring 2021,PHCA,7301,Advanced Regression,Johnson,Michael L,4,3,0,0,0,1,0,50
Spring 2021,ELCS,8399,Doctoral Dissertation,Short,Paula M,1,0,0,0,0,0,0,100
Spring 2021,MATH,8698,Doctoral Research,Papadakis,Emanuel Ioannis,0,0,0,0,0,1,0,0
Spring 2021,ECE,8398,Doctoral Research,Chen,Jinghong,0,0,0,0,0,2,0,0
Spring 2021,BIOL,6298,Special Problems,Dryer,Stuart E,0,0,0,0,0,2,0,0
Spring 2021,ENGL,1304,First Year Writing II,Burns,William,15,3,0,0,0,0,1,83
Spring 2021,PETR,8699,Doctoral Dissertation,Wong,George K,0,0,0,0,0,1,0,0
Spring 2021,CUIN,8365,Org Psych in Health Sci Ed,Hausmann,Robert Carl,7,0,0,0,0,0,0,100
Spring 2021,HIST,4393,Selected Topics: Middle East,Ari,Nisa,1,0,0,0,0,1,0,50
Spring 2021,MUSA,3400,Applied Voice,Evans,Joseph,4,0,0,0,0,0,0,100
Spring 2021,HIST,8699,Doctoral Dissertation,Holt,Frank L,1,0,0,0,0,0,0,100
Spring 2021,ELCS,6302,Decision Making School Ldrs,Butcher,Keith,1,0,0,0,0,0,0,100
Spring 2021,ENGL,7398,Special Problems,Snediker,Michael,1,0,0,0,0,0,0,100
Spring 2021,GEOL,8999,Doctoral Dissertation,Li,Aibing,1,0,0,0,0,0,0,100
Spring 2021,MUSA,8420,Doctoral Applied Music,Staupe,Andrew Paul,1,0,0,0,0,0,0,100
Spring 2021,MUED,6310,Curriculum and Assessment,Meals,Cory Dewitt,1,0,0,0,0,0,0,100
Spring 2021,ECE,8399,Doctoral Dissertation,Han,Zhu,1,0,0,0,0,0,0,100
Spring 2021,MUSA,6141,Graduate Recital II,Yon,Kirsten A,0,0,0,0,0,0,0,
Spring 2021,COSC,6398,Special Problems,Tsekos,Nikolaos V,0,0,0,0,0,1,0,0
Spring 2021,PHAR,5695,Geriatrics,Sherer,Jeffrey T,1,0,0,0,0,0,0,100
Spring 2021,ELCS,8398,Independent Study,Horn,Catherine Lynn,1,0,0,0,0,0,0,100
Spring 2021,MUSA,8320,Doctoral Applied Music,Vassallo,Jim Cates,1,0,0,0,0,0,0,100
Spring 2021,TEPM,6301,Project Management Principles,Lozano Garcia,Miguel Angel,24,11,0,0,0,6,1,59
Spring 2021,SPAN,1502,Elementary Spanish II,Said White,Erika,15,8,0,0,0,2,1,60
Spring 2021,BIOL,6298,Special Problems,Kelleher Meisel,Erin S,0,0,0,0,0,1,0,0
Spring 2021,PHLS,8310,Psych of Learning in STEM,Aguirre-Munoz,Zenaida,5,0,0,0,0,0,0,100
Spring 2021,LAW,6218,Client Interviewng & Counselng,Weems,Christine,2,7,0,0,0,3,0,17
Spring 2021,LAW,5217,Fraud and Abuse,Kummerfeld,Nathaniel,5,3,1,0,0,1,0,50
Spring 2021,ENGL,1304,First Year Writing II,Brandt,Rhianna,5,2,0,0,0,3,2,50
Spring 2021,ECE,8498,Doctoral Research,Pan,Miao,0,0,0,0,0,3,0,0
Spring 2021,POLS,6396,Selected Topics in Compar IR,Scarrow,Susan E,4,3,0,0,0,0,1,57
Spring 2021,LAW,6237,Doing Deals,Moll,Douglas Keith,7,10,0,0,0,15,0,22
Spring 2021,LAW,6237,Doing Deals,Maierson,Ryan J,7,10,0,0,0,15,0,22
Spring 2021,FINA,4359,Energy Insurance and Risk Mgmt,Hughes,James F,22,12,0,0,0,3,0,59
Spring 2021,SCM,3301,SCM Fundamentals,Miller,Bradley D,234,133,24,0,0,68,0,51
Spring 2021,MANA,7356,Diversity Management,Walker,William A,13,2,0,0,0,1,0,81
Spring 2021,ELET,3403,Sensor Applications,Yuan,Xiaojing,23,9,1,0,0,9,2,55
Spring 2021,HDCS,4300,Research Concepts in Hdcs,Gatterson,Beverly,1,21,2,0,0,13,1,3
Spring 2021,ENTR,4110,Entrepren Values & Leadership,Cook,David B,30,5,0,0,0,3,0,79